Unnamed: 0,date,X,PM25,PM10,CO,NO2,SO2,O3,year,month,day,week,season,covid,city,region,avgtemp,maxtemp,mintemp,avgrh,minrh,avgws,maxws,maxwswd,extremews,extremewswd,daylight,precipitation,avgp,maxp,minp,avggt,maxgt,mingt,weekday
2320,2020-05-08,2311.0,36.7,52.17,90.0,15.12,2.1,26.25,2020,5,8,19,spring,3.post,baoding,north,13.8,15.6,12.2,94.0,4.442651256490317,1.5040773967762742,5.9,2,2.3702437414678603,3,0.0,2.884800712846709,100980.0,101100.0,100810.0,14.6,18.1,13.1,4
2321,2020-05-09,2312.0,35.03,79.0,270.0,14.04,4.2,61.25,2020,5,9,19,spring,3.post,baoding,north,14.2,18.0,9.1,89.0,4.356708826689592,1.1939224684724346,4.9,12,2.186051276738094,12,0.4,0.0,100770.0,101210.0,100520.0,16.0,20.6,9.1,5
2322,2020-05-10,2313.0,27.51,63.0,180.0,11.88,2.1,51.25,2020,5,10,19,spring,3.post,baoding,north,19.1,26.7,8.0,57.0,3.4011973816621555,0.8329091229351039,3.4,6,1.8562979903656263,3,11.6,0.0,100790.0,100940.0,100580.0,20.8,35.6,7.2,6
2323,2020-05-11,2314.0,11.76,241.0,180.0,11.88,3.5,43.75,2020,5,11,19,spring,3.post,baoding,north,19.1,26.5,11.8,46.0,3.091042453358316,1.547562508716013,7.0,11,2.4336133554004498,11,10.7,0.0,100610.0,101220.0,99820.0,18.9,32.0,10.9,0
2324,2020-05-12,2315.0,28.45,141.0,180.0,20.52,5.6,101.25,2020,5,12,19,spring,3.post,baoding,north,19.0,23.6,15.2,48.0,3.4657359027997265,1.1631508098056809,5.9,11,2.2823823856765264,11,10.5,0.0,100730.0,101000.0,99830.0,20.4,30.8,11.3,1
2325,2020-05-13,2316.0,33.62,83.0,180.0,11.88,4.9,97.5,2020,5,13,20,spring,3.post,baoding,north,20.1,28.8,12.0,64.0,3.6109179126442243,0.6931471805599453,3.6,8,1.9740810260220096,8,8.6,0.0,100620.0,100870.0,100350.0,23.9,41.4,10.7,2
2326,2020-05-14,2317.0,28.92,123.0,630.0,16.2,5.6,81.25,2020,5,14,20,spring,3.post,baoding,north,23.5,29.1,15.7,52.0,3.5263605246161616,1.1939224684724346,4.9,6,2.2300144001592104,7,10.8,0.0,100180.0,100390.0,99920.0,27.2,44.9,14.1,3
2327,2020-05-15,2318.0,59.3,83.0,450.0,14.04,4.2,36.25,2020,5,15,20,spring,3.post,baoding,north,20.3,25.1,15.8,75.0,4.04305126783455,1.4350845252893227,4.8,4,2.2823823856765264,5,2.5,0.0,100250.0,100430.0,100040.0,24.1,41.7,15.1,4
2328,2020-05-16,2319.0,40.3,173.0,540.0,19.44,2.8,42.5,2020,5,16,20,spring,3.post,baoding,north,17.7,21.6,15.2,78.0,4.189654742026425,1.410986973710262,8.2,7,2.70805020110221,7,0.4,0.0,100150.0,100460.0,99870.0,20.1,38.3,14.4,5
2329,2020-05-17,2320.0,48.7,45.51,180.0,10.8,2.1,46.25,2020,5,17,20,spring,3.post,baoding,north,16.8,23.6,10.9,72.0,3.4011973816621555,0.9162907318741551,10.6,2,2.9496883350525844,2,3.4,0.0,100190.0,100390.0,99950.0,21.9,42.5,9.6,6
2330,2020-05-18,2321.0,13.41,63.0,90.0,16.2,3.5,70.0,2020,5,18,20,spring,3.post,baoding,north,18.0,25.1,8.9,45.0,3.1780538303479458,1.33500106673234,6.4,2,2.5494451709255714,2,13.3,0.0,100340.0,100510.0,100110.0,24.3,48.7,6.3,0
2333,2020-05-21,2324.0,70.7,103.0,180.0,18.36,2.8,92.5,2020,5,21,21,spring,3.post,baoding,north,20.9,25.9,18.8,67.0,3.7376696182833684,1.547562508716013,7.4,2,2.5257286443082556,2,3.9,0.1823215567939546,100320.0,100500.0,99940.0,25.3,45.9,17.0,3
2334,2020-05-22,2325.0,51.1,42.18,270.0,11.88,2.8,55.0,2020,5,22,21,spring,3.post,baoding,north,21.0,31.9,11.3,69.0,3.044522437723423,0.7884573603642703,4.1,9,2.1162555148025524,8,9.7,0.0,100240.0,100440.0,99950.0,27.8,54.6,10.9,4
2335,2020-05-23,2326.0,13.88,44.4,360.0,16.2,2.8,83.75,2020,5,23,21,spring,3.post,baoding,north,22.8,27.6,17.5,51.0,3.4965075614664802,1.4350845252893227,7.1,3,2.6878474937846906,3,10.3,0.0,100500.0,100660.0,100120.0,28.7,54.6,16.4,5
2336,2020-05-24,2327.0,17.17,69.0,360.0,18.36,3.5,57.5,2020,5,24,21,spring,3.post,baoding,north,22.5,29.0,11.8,51.0,3.332204510175204,0.6418538861723947,3.5,9,2.0149030205422647,9,12.9,0.0,100970.0,101150.0,100660.0,31.6,56.8,11.1,6
2337,2020-05-25,2328.0,22.34,32.19,180.0,9.72,2.1,66.25,2020,5,25,21,spring,3.post,baoding,north,20.4,28.2,13.7,67.0,3.6109179126442243,1.1314021114911006,8.3,3,2.6741486494265287,4,5.0,2.747270914255491,100820.0,100960.0,100580.0,26.4,49.7,13.9,0
2341,2020-05-29,2332.0,49.9,83.0,450.0,10.8,3.5,102.5,2020,5,29,22,summer,3.post,baoding,north,23.8,32.2,17.6,63.0,3.4965075614664802,0.9162907318741551,5.3,2,2.2192034840549946,2,11.2,0.0,100360.0,100470.0,100200.0,31.0,51.9,15.2,4
2342,2020-05-30,2333.0,31.27,51.06,360.0,9.72,2.8,52.5,2020,5,30,22,summer,3.post,baoding,north,24.2,30.8,17.3,54.0,3.4339872044851463,1.308332819650179,6.7,9,2.5494451709255714,9,9.8,0.0,100720.0,100860.0,100410.0,30.5,50.4,15.9,5
2343,2020-05-31,2334.0,24.22,69.0,360.0,18.36,4.2,98.75,2020,5,31,22,summer,3.post,baoding,north,22.2,29.0,16.8,55.0,2.833213344056216,1.33500106673234,9.0,14,2.7536607123542622,14,12.3,0.0,100610.0,100770.0,100460.0,28.9,48.4,16.6,6
2344,2020-06-01,2335.0,24.69,85.0,360.0,15.12,3.5,67.5,2020,6,1,22,summer,3.post,baoding,north,21.2,31.4,10.5,60.0,3.367295829986474,1.0986122886681098,12.4,14,3.0252910757955354,14,9.3,0.9555114450274363,100370.0,100790.0,99790.0,27.6,51.4,10.6,0
2345,2020-06-02,2336.0,28.92,189.0,360.0,19.44,4.2,117.5,2020,6,2,22,summer,3.post,baoding,north,24.7,33.9,14.8,57.0,2.995732273553991,1.1314021114911006,5.0,8,2.1972245773362196,8,12.2,0.0,99970.0,100220.0,99620.0,30.3,53.9,14.0,1
2346,2020-06-03,2337.0,37.1,113.0,360.0,17.28,5.6,76.25,2020,6,3,23,summer,3.post,baoding,north,26.6,35.4,14.4,42.0,2.9444389791664403,0.8754687373538999,4.7,8,2.163323025660538,8,12.0,0.0,99590.0,99780.0,99340.0,33.3,56.6,14.5,2
2347,2020-06-04,2338.0,28.45,52.17,360.0,11.88,4.9,98.75,2020,6,4,23,summer,3.post,baoding,north,26.8,30.9,22.8,36.0,3.1780538303479458,1.4816045409242156,7.2,3,2.5877640352277083,3,12.3,0.0,100040.0,100310.0,99480.0,32.7,50.6,21.4,3
2351,2020-06-08,2342.0,35.9,143.0,630.0,29.16,7.0,75.0,2020,6,8,23,summer,3.post,baoding,north,28.8,35.6,19.6,43.0,3.1354942159291497,1.1314021114911006,6.4,11,2.3608540011180215,10,6.5,0.0,100470.0,100560.0,100060.0,32.6,53.8,18.0,0
2352,2020-06-09,2343.0,45.1,129.0,720.0,17.28,4.2,131.4,2020,6,9,23,summer,3.post,baoding,north,26.8,29.0,23.0,58.0,3.784189633918261,1.4350845252893227,5.9,3,2.468099531471619,3,0.0,0.0,100690.0,100780.0,100520.0,27.8,36.2,23.1,1
2353,2020-06-10,2344.0,63.1,153.0,630.0,29.16,6.3,128.2,2020,6,10,24,summer,3.post,baoding,north,26.0,33.8,21.3,68.0,3.367295829986474,1.0296194171811581,3.8,3,1.9600947840472698,3,8.1,0.0,100450.0,100870.0,100080.0,33.3,56.5,20.3,2
2354,2020-06-11,2345.0,50.3,83.0,540.0,9.72,4.9,134.6,2020,6,11,24,summer,3.post,baoding,north,26.8,33.1,19.9,55.0,3.367295829986474,1.0647107369924282,4.6,3,2.0918640616783932,3,1.3,0.0,100230.0,100340.0,99990.0,30.2,53.5,19.9,3
2355,2020-06-12,2346.0,41.9,103.0,540.0,14.04,4.9,142.6,2020,6,12,24,summer,3.post,baoding,north,26.0,31.6,22.2,61.0,3.8066624897703196,1.0647107369924282,5.8,3,2.3608540011180215,3,4.3,0.0,100100.0,100330.0,99790.0,32.6,53.6,21.8,4
2356,2020-06-13,2347.0,42.3,51.06,180.0,10.8,3.5,93.75,2020,6,13,24,summer,3.post,baoding,north,26.9,35.4,17.4,54.0,3.4339872044851463,1.33500106673234,5.0,11,2.2300144001592104,12,9.9,0.0,99950.0,100090.0,99720.0,32.7,56.5,16.9,5
2357,2020-06-14,2348.0,19.52,119.0,360.0,22.68,5.6,129.8,2020,6,14,24,summer,3.post,baoding,north,26.7,33.9,19.2,36.0,3.044522437723423,1.33500106673234,4.5,3,2.128231705849268,2,13.8,0.0,100620.0,100940.0,99920.0,34.5,60.2,16.4,6
2358,2020-06-15,2349.0,34.09,137.0,810.0,20.52,7.7,123.75,2020,6,15,24,summer,3.post,baoding,north,26.9,34.8,16.5,44.0,3.1354942159291497,1.1314021114911006,5.4,11,2.2407096892759584,11,6.6,0.0,100460.0,100600.0,100230.0,33.1,53.4,16.2,0
2359,2020-06-16,2350.0,41.5,46.62,270.0,8.64,2.8,85.0,2020,6,16,24,summer,3.post,baoding,north,24.9,31.8,17.4,54.0,3.4965075614664802,1.1314021114911006,6.4,11,2.509599262378372,10,0.5,0.0,100360.0,100480.0,100220.0,30.4,51.4,17.1,1
2360,2020-06-17,2351.0,19.05,59.0,360.0,10.8,2.8,125.0,2020,6,17,25,summer,3.post,baoding,north,23.9,29.0,19.1,56.0,3.7376696182833684,1.410986973710262,6.1,10,2.4069451083182885,9,0.7,0.0,100210.0,100410.0,100060.0,28.3,44.1,18.4,2
2361,2020-06-18,2352.0,27.04,63.0,360.0,12.96,3.5,102.5,2020,6,18,25,summer,3.post,baoding,north,25.0,31.4,15.8,57.0,3.6635616461296463,1.2237754316221157,5.9,11,2.3608540011180215,10,10.1,0.0,100220.0,100340.0,100120.0,32.3,52.9,14.8,3
2362,2020-06-19,2353.0,25.63,71.0,450.0,9.72,4.2,135.4,2020,6,19,25,summer,3.post,baoding,north,26.6,32.2,19.3,50.0,3.4339872044851463,1.1631508098056809,5.4,11,2.312535423847214,11,6.3,0.0,100540.0,100690.0,100320.0,32.4,53.3,18.8,4
2363,2020-06-20,2354.0,36.7,54.39,360.0,8.64,3.5,122.5,2020,6,20,25,summer,3.post,baoding,north,27.4,34.0,20.0,54.0,3.6888794541139363,1.0647107369924282,4.1,10,2.2823823856765264,10,8.5,0.0,100280.0,100530.0,99970.0,34.6,55.1,20.2,5
2364,2020-06-21,2355.0,28.92,65.0,360.0,8.64,3.5,112.5,2020,6,21,25,summer,3.post,baoding,north,28.9,34.3,20.9,52.0,3.5553480614894135,1.2809338454620642,5.0,11,2.2925347571405443,11,12.1,0.0,100110.0,100290.0,99880.0,36.1,58.7,19.9,6
2365,2020-06-22,2356.0,36.3,83.0,360.0,11.88,4.2,113.75,2020,6,22,25,summer,3.post,baoding,north,27.8,32.4,22.9,53.0,3.6635616461296463,1.252762968495368,4.3,11,2.128231705849268,9,2.6,0.0,100190.0,100310.0,100020.0,33.4,57.4,22.1,0
2366,2020-06-23,2357.0,39.5,49.95,270.0,7.56,3.5,108.75,2020,6,23,25,summer,3.post,baoding,north,27.1,31.3,22.7,58.0,3.713572066704308,0.8754687373538999,3.9,8,1.9600947840472698,8,3.4,0.0,100120.0,100210.0,99970.0,31.1,52.1,22.3,1
2367,2020-06-24,2358.0,26.57,33.3,360.0,7.56,2.1,106.25,2020,6,24,26,summer,3.post,baoding,north,26.6,31.1,20.7,61.0,3.828641396489095,1.2237754316221157,4.1,5,2.0149030205422647,4,7.5,0.0,100100.0,100270.0,99780.0,34.1,57.8,20.5,2
2368,2020-06-25,2359.0,21.4,52.17,450.0,10.8,4.2,116.25,2020,6,25,26,summer,3.post,baoding,north,23.5,30.3,19.2,80.0,3.912023005428146,1.0986122886681098,10.2,15,3.1612467120315646,14,9.1,3.6270040503958487,100030.0,100300.0,99680.0,28.0,45.3,5.9,3
2369,2020-06-26,2360.0,33.62,111.0,630.0,15.12,3.5,145.0,2020,6,26,26,summer,3.post,baoding,north,24.4,27.7,20.7,73.0,4.110873864173311,1.1631508098056809,3.3,3,1.8718021769015913,2,0.0,0.0,100160.0,100270.0,99960.0,25.7,34.4,19.3,4
2370,2020-06-27,2361.0,54.7,85.0,540.0,8.64,3.5,127.4,2020,6,27,26,summer,3.post,baoding,north,27.4,32.6,21.1,71.0,3.8918202981106265,0.8754687373538999,3.3,5,1.9315214116032138,6,7.7,0.0,100220.0,100360.0,100060.0,28.9,41.8,20.4,5
2371,2020-06-28,2362.0,48.3,45.51,360.0,7.56,2.1,88.75,2020,6,28,26,summer,3.post,baoding,north,26.0,31.7,22.4,75.0,3.871201010907891,1.1939224684724346,6.1,12,2.4423470353692043,12,1.8,1.3609765531356006,100330.0,100510.0,100000.0,27.7,40.8,21.4,6
2372,2020-06-29,2363.0,30.8,46.62,450.0,8.64,2.8,91.25,2020,6,29,26,summer,3.post,baoding,north,24.0,29.0,20.6,78.0,3.8918202981106265,1.2237754316221157,4.5,1,2.0918640616783932,1,4.5,1.667706820558076,99980.0,100370.0,99730.0,25.2,42.8,20.3,0
2373,2020-06-30,2364.0,31.74,59.0,540.0,10.8,3.5,122.5,2020,6,30,26,summer,3.post,baoding,north,24.9,31.1,20.8,71.0,3.6375861597263857,0.9555114450274363,4.2,11,2.0794415416798357,2,8.5,0.9555114450274363,100120.0,100250.0,99910.0,27.1,42.6,20.9,1
2374,2020-07-01,2365.0,34.09,65.0,540.0,9.72,3.5,97.5,2020,7,1,27,summer,3.post,baoding,north,26.9,33.5,19.3,62.0,3.5263605246161616,1.33500106673234,4.4,11,2.0794415416798357,11,9.9,0.0,100190.0,100280.0,100010.0,28.6,43.9,17.6,2
2375,2020-07-02,2366.0,34.56,67.0,540.0,7.56,2.8,60.0,2020,7,2,27,summer,3.post,baoding,north,24.5,29.2,21.2,75.0,3.912023005428146,1.2809338454620642,6.0,1,2.451005098112319,2,0.1,2.1162555148025524,100440.0,100570.0,100160.0,25.5,40.1,21.4,3
2376,2020-07-03,2367.0,42.7,59.0,360.0,9.72,3.5,93.75,2020,7,3,27,summer,3.post,baoding,north,22.1,24.8,20.9,89.0,4.343805421853684,1.2237754316221157,4.2,1,2.0541237336955462,1,1.2,3.2733640101522705,100710.0,100770.0,100560.0,21.9,31.2,20.7,4
2377,2020-07-04,2368.0,43.9,39.96,360.0,8.64,2.1,103.75,2020,7,4,27,summer,3.post,baoding,north,23.1,28.7,19.7,87.0,4.1588830833596715,1.0296194171811581,6.9,14,2.4069451083182885,14,3.3,3.2347491740244907,100330.0,100750.0,100000.0,25.1,38.8,19.6,5
2378,2020-07-05,2369.0,28.45,49.95,270.0,10.8,3.5,107.5,2020,7,5,27,summer,3.post,baoding,north,24.4,32.2,19.8,81.0,3.828641396489095,0.8329091229351039,8.1,3,2.747270914255491,3,10.6,1.7578579175523736,99620.0,100100.0,99230.0,28.4,42.3,19.4,6
2379,2020-07-06,2370.0,27.04,57.0,270.0,9.72,2.8,121.25,2020,7,6,27,summer,3.post,baoding,north,25.8,32.4,20.0,73.0,3.8066624897703196,0.5877866649021191,3.3,5,1.7404661748405046,7,9.8,0.0,99620.0,99730.0,99350.0,29.6,43.2,19.4,0
2380,2020-07-07,2371.0,26.57,81.0,630.0,10.8,4.2,121.25,2020,7,7,27,summer,3.post,baoding,north,28.7,33.6,23.6,59.0,3.6635616461296463,1.0296194171811581,5.2,3,2.186051276738094,3,11.2,0.0,100310.0,100480.0,99730.0,29.9,43.1,21.3,1
2381,2020-07-08,2372.0,45.1,35.52,360.0,6.48,2.8,65.0,2020,7,8,28,summer,3.post,baoding,north,27.4,32.0,23.8,68.0,3.8066624897703196,0.9555114450274363,3.2,6,1.840549633397487,5,1.5,0.0,100310.0,100530.0,99990.0,28.4,42.2,21.6,2
2382,2020-07-09,2373.0,23.75,51.06,360.0,8.64,2.8,57.5,2020,7,9,28,summer,3.post,baoding,north,20.4,28.5,19.0,86.0,3.9512437185814275,1.1939224684724346,6.0,14,2.322387720290225,13,0.0,2.631888840136646,100120.0,100220.0,99960.0,21.3,28.3,19.4,3
2383,2020-07-10,2374.0,36.3,97.0,180.0,12.96,2.1,57.5,2020,7,10,28,summer,3.post,baoding,north,21.8,23.4,19.7,79.0,4.248495242049359,0.7419373447293773,3.7,3,1.8718021769015913,3,0.0,0.0,100250.0,100320.0,100120.0,22.2,26.7,18.8,4
2384,2020-07-11,2375.0,55.1,63.0,360.0,9.72,2.1,58.75,2020,7,11,28,summer,3.post,baoding,north,23.3,26.0,20.9,84.0,4.330733340286331,1.0647107369924282,3.3,8,1.791759469228055,2,0.0,0.0,100450.0,100610.0,100230.0,23.5,31.5,19.8,5
2385,2020-07-12,2376.0,43.1,53.28,450.0,8.64,2.8,92.5,2020,7,12,28,summer,3.post,baoding,north,23.0,24.9,22.3,94.0,4.418840607796598,0.9555114450274363,3.6,2,1.8870696490323797,2,0.0,3.3141860046725258,100520.0,100590.0,100450.0,23.2,28.2,21.9,6
2386,2020-07-13,2377.0,36.7,85.0,450.0,16.2,2.8,73.75,2020,7,13,28,summer,3.post,baoding,north,25.4,30.5,20.9,80.0,3.912023005428146,0.4054651081081644,2.8,5,1.7047480922384253,4,6.8,0.26236426446749106,100530.0,100680.0,100340.0,28.7,44.0,21.0,0
2387,2020-07-14,2378.0,45.5,55.5,450.0,12.96,2.8,97.5,2020,7,14,28,summer,3.post,baoding,north,25.6,30.1,22.6,82.0,4.0943445622221,0.9555114450274363,4.3,16,2.0541237336955462,16,2.2,0.26236426446749106,100460.0,100610.0,100340.0,28.3,39.6,22.5,1
2388,2020-07-15,2379.0,39.9,73.0,630.0,9.72,3.5,117.5,2020,7,15,29,summer,3.post,baoding,north,25.9,32.2,19.7,77.0,3.7612001156935624,0.6931471805599453,3.6,11,1.8562979903656263,11,10.9,0.0,100280.0,100450.0,100060.0,29.5,43.4,19.7,2
2389,2020-07-16,2380.0,41.5,75.0,90.0,9.72,2.8,71.25,2020,7,16,29,summer,3.post,baoding,north,27.6,32.6,21.4,70.0,3.9512437185814275,1.0986122886681098,4.1,8,2.028148247292285,8,7.3,0.09531017980432493,100130.0,100230.0,99960.0,28.6,42.2,21.0,3
2390,2020-07-17,2381.0,42.7,83.0,540.0,8.64,2.8,87.5,2020,7,17,29,summer,3.post,baoding,north,27.1,29.6,25.0,66.0,3.970291913552122,1.0296194171811581,3.3,11,1.8082887711792655,3,0.0,0.0,100140.0,100250.0,100000.0,26.8,33.9,22.7,4
2391,2020-07-18,2382.0,53.5,55.5,360.0,9.72,3.5,90.0,2020,7,18,29,summer,3.post,baoding,north,25.9,29.0,23.2,76.0,3.9318256327243257,0.9162907318741551,2.6,2,1.6094379124341003,2,0.4,0.0,100150.0,100230.0,100030.0,27.7,38.5,22.1,5
2392,2020-07-19,2383.0,36.7,81.0,540.0,14.04,4.2,130.6,2020,7,19,29,summer,3.post,baoding,north,25.7,31.5,22.4,75.0,3.8501476017100584,1.1314021114911006,3.5,3,1.9315214116032138,6,7.2,0.0,100120.0,100310.0,99950.0,29.0,44.1,21.0,6
2393,2020-07-20,2384.0,35.9,69.0,360.0,10.8,3.5,101.25,2020,7,20,29,summer,3.post,baoding,north,27.8,34.9,18.7,65.0,3.58351893845611,0.9932517730102834,5.1,10,2.186051276738094,10,12.5,0.0,100240.0,100330.0,100030.0,31.2,45.5,18.6,0
2394,2020-07-21,2385.0,38.7,87.0,540.0,16.2,4.2,122.5,2020,7,21,29,summer,3.post,baoding,north,27.3,32.8,23.4,66.0,3.7376696182833684,0.9932517730102834,3.9,8,2.1041341542702074,7,6.9,0.0,100610.0,100780.0,100250.0,30.6,48.0,21.4,1
2395,2020-07-22,2386.0,40.7,85.0,540.0,16.2,3.5,131.4,2020,7,22,30,summer,3.post,baoding,north,27.8,31.7,22.2,62.0,3.8066624897703196,1.0296194171811581,3.9,5,2.0541237336955462,5,3.2,0.0,100440.0,100620.0,100230.0,31.2,46.7,22.1,2
2396,2020-07-23,2387.0,31.74,81.0,540.0,17.28,4.2,122.5,2020,7,23,30,summer,3.post,baoding,north,27.0,32.2,18.1,62.0,3.784189633918261,0.9932517730102834,3.8,5,2.0149030205422647,5,11.5,0.0,100570.0,100670.0,100310.0,31.5,50.5,18.6,3
2397,2020-07-24,2388.0,37.9,87.0,540.0,18.36,4.9,125.8,2020,7,24,30,summer,3.post,baoding,north,27.0,34.7,19.2,68.0,3.5553480614894135,1.0986122886681098,3.5,13,1.916922612182061,13,12.3,0.0,100610.0,100830.0,100380.0,33.1,51.3,19.9,4
2398,2020-07-25,2389.0,37.9,36.63,360.0,8.64,2.1,62.5,2020,7,25,30,summer,3.post,baoding,north,27.1,32.7,19.7,68.0,3.871201010907891,1.2237754316221157,4.1,11,2.186051276738094,12,2.6,0.0,100350.0,100470.0,100200.0,29.9,49.0,20.4,5
2399,2020-07-26,2390.0,22.34,83.0,540.0,9.72,2.8,45.0,2020,7,26,30,summer,3.post,baoding,north,22.4,28.1,20.0,86.0,3.871201010907891,1.1631508098056809,5.9,12,2.3978952727983707,12,0.0,1.308332819650179,100410.0,100510.0,100290.0,24.1,32.5,20.7,6
2400,2020-07-27,2391.0,47.5,65.0,450.0,10.8,2.8,87.5,2020,7,27,30,summer,3.post,baoding,north,23.3,26.5,21.3,85.0,4.2626798770413155,0.8754687373538999,3.1,2,1.667706820558076,3,0.0,0.0,100390.0,100470.0,100300.0,24.7,32.9,21.2,0
2401,2020-07-28,2392.0,37.9,73.0,450.0,10.8,5.6,112.5,2020,7,28,30,summer,3.post,baoding,north,25.4,30.4,21.0,79.0,3.912023005428146,1.1939224684724346,4.5,15,2.2192034840549946,7,6.7,0.3364722366212129,100420.0,100600.0,100280.0,28.5,42.4,20.9,1
2402,2020-07-29,2393.0,40.3,59.0,450.0,7.56,2.8,95.0,2020,7,29,31,summer,3.post,baoding,north,27.7,33.2,22.6,77.0,4.060443010546419,0.9932517730102834,3.4,11,1.824549292051046,11,5.8,0.0,100640.0,100760.0,100430.0,30.6,44.5,22.4,2
2403,2020-07-30,2394.0,36.3,55.5,360.0,9.72,2.1,70.0,2020,7,30,31,summer,3.post,baoding,north,28.6,33.8,23.2,77.0,3.9889840465642745,0.8329091229351039,3.9,8,2.028148247292285,8,8.5,0.0,100690.0,100810.0,100470.0,31.9,46.0,23.5,3
2404,2020-07-31,2395.0,37.9,55.5,450.0,9.72,2.8,61.25,2020,7,31,31,summer,3.post,baoding,north,28.2,33.1,23.1,80.0,4.127134385045092,1.0986122886681098,7.6,6,2.4932054526026954,6,6.5,0.0,100500.0,100700.0,100270.0,32.0,45.4,23.6,4
2405,2020-08-01,2396.0,37.5,29.97,450.0,7.56,2.1,96.25,2020,8,1,31,summer,3.post,baoding,north,26.9,31.9,23.5,83.0,4.248495242049359,1.5260563034950492,8.6,16,2.8735646395797834,16,0.1,0.0,100300.0,100530.0,100020.0,29.8,41.5,24.3,5
2406,2020-08-02,2397.0,19.52,71.0,540.0,12.96,2.8,106.25,2020,8,2,31,summer,3.post,baoding,north,26.6,31.8,21.6,85.0,4.143134726391533,0.8754687373538999,12.5,15,3.0349529867072724,15,11.5,3.202746442938317,99930.0,100450.0,99690.0,32.9,47.9,22.6,6
2407,2020-08-03,2398.0,37.9,157.0,720.0,20.52,2.8,134.6,2020,8,3,31,summer,3.post,baoding,north,29.2,34.4,25.5,84.0,3.9512437185814275,0.6418538861723947,3.0,10,1.824549292051046,10,10.0,0.0,99850.0,99960.0,99730.0,33.6,51.0,25.7,0
2408,2020-08-04,2399.0,50.7,54.39,540.0,17.28,2.8,55.0,2020,8,4,31,summer,3.post,baoding,north,28.8,34.6,22.4,85.0,4.110873864173311,0.47000362924573563,3.7,7,1.916922612182061,7,6.0,0.0,100100.0,100260.0,99790.0,33.9,51.3,22.2,1
2409,2020-08-05,2400.0,35.5,35.52,450.0,9.72,2.8,42.5,2020,8,5,32,summer,3.post,baoding,north,25.6,29.4,23.1,94.0,4.276666119016055,0.9162907318741551,5.5,13,2.2617630984737906,13,0.0,2.8273136219290276,100430.0,100600.0,100160.0,26.3,29.4,24.4,2
2410,2020-08-06,2401.0,25.16,36.63,360.0,8.64,2.8,70.0,2020,8,6,32,summer,3.post,baoding,north,24.3,27.4,23.4,97.0,4.454347296253507,0.6418538861723947,3.1,8,1.840549633397487,8,0.2,2.6946271807700692,100480.0,100560.0,100310.0,26.2,35.3,23.8,3
2411,2020-08-07,2402.0,22.34,34.41,270.0,12.96,3.5,76.25,2020,8,7,32,summer,3.post,baoding,north,26.2,31.0,23.7,86.0,4.1588830833596715,1.1631508098056809,4.7,5,2.174751721484161,5,3.5,2.1162555148025524,100230.0,100450.0,100040.0,27.3,43.3,23.3,4
2412,2020-08-08,2403.0,18.11,51.06,450.0,11.88,2.1,101.25,2020,8,8,32,summer,3.post,baoding,north,26.2,31.1,20.6,83.0,4.04305126783455,0.6418538861723947,2.7,5,1.7227665977411035,8,8.8,0.0,99860.0,100200.0,99580.0,31.3,46.1,21.2,5
2413,2020-08-09,2404.0,24.69,38.85,360.0,6.48,2.1,88.75,2020,8,9,32,summer,3.post,baoding,north,28.5,32.9,23.7,78.0,4.127134385045092,0.8754687373538999,3.3,8,1.8870696490323797,11,10.6,0.0,99540.0,99740.0,99310.0,32.4,47.1,24.0,6
2414,2020-08-10,2405.0,20.46,65.0,540.0,9.72,2.1,110.0,2020,8,10,32,summer,3.post,baoding,north,25.7,31.1,21.6,84.0,4.127134385045092,0.7419373447293773,9.1,4,2.8390784635086144,3,9.9,3.756538102587751,99900.0,100070.0,99400.0,30.2,45.7,22.1,0
2415,2020-08-11,2406.0,40.3,37.74,450.0,5.4,2.8,37.5,2020,8,11,32,summer,3.post,baoding,north,27.2,33.1,22.4,85.0,4.189654742026425,0.6931471805599453,6.9,7,2.517696472610991,7,7.0,0.0,100270.0,100500.0,99870.0,31.3,46.1,21.9,1
2416,2020-08-12,2407.0,21.4,23.31,450.0,3.24,1.4,62.5,2020,8,12,33,summer,3.post,baoding,north,25.0,28.5,23.2,92.0,4.276666119016055,1.1939224684724346,6.0,2,2.379546134130174,1,0.0,4.550714000192032,100380.0,100600.0,100010.0,25.8,34.6,23.3,2
2417,2020-08-13,2408.0,11.76,55.5,630.0,8.64,2.1,86.25,2020,8,13,33,summer,3.post,baoding,north,26.6,31.6,23.1,90.0,4.204692619390966,1.0296194171811581,3.7,16,1.9315214116032138,16,6.8,1.1631508098056809,99820.0,100120.0,99640.0,29.6,42.7,23.0,3
2418,2020-08-14,2409.0,30.33,38.85,360.0,11.88,2.8,50.0,2020,8,14,33,summer,3.post,baoding,north,28.1,33.5,22.9,91.0,4.1588830833596715,0.5306282510621704,2.0,8,1.4350845252893227,8,3.8,0.26236426446749106,99870.0,100020.0,99720.0,30.7,44.2,22.6,4
2419,2020-08-15,2410.0,22.81,47.73,360.0,18.36,2.8,31.25,2020,8,15,33,summer,3.post,baoding,north,25.5,29.8,23.2,90.0,4.189654742026425,0.7884573603642703,5.0,11,2.1972245773362196,11,0.0,1.5260563034950492,100180.0,100400.0,99920.0,27.0,32.5,23.5,5
2420,2020-08-16,2411.0,29.39,48.84,540.0,10.8,2.1,50.0,2020,8,16,33,summer,3.post,baoding,north,23.7,24.6,22.7,98.0,4.442651256490317,0.47000362924573563,2.9,14,1.7227665977411035,14,0.0,1.8562979903656263,100580.0,100680.0,100380.0,25.2,29.7,23.0,6
2421,2020-08-17,2412.0,32.68,61.0,540.0,11.88,2.8,62.5,2020,8,17,33,summer,3.post,baoding,north,25.0,27.3,23.1,92.0,4.394449154672439,0.5877866649021191,2.0,11,1.4350845252893227,11,0.0,0.0,100620.0,100760.0,100490.0,26.7,34.0,23.4,0
2422,2020-08-18,2413.0,45.1,28.86,270.0,10.8,2.1,42.5,2020,8,18,33,summer,3.post,baoding,north,25.9,32.4,21.4,89.0,4.189654742026425,0.7884573603642703,5.5,4,2.3702437414678603,4,2.6,1.9315214116032138,100500.0,100650.0,100230.0,28.7,40.6,22.6,1
2423,2020-08-19,2414.0,16.7,35.52,360.0,10.8,4.2,56.25,2020,8,19,34,summer,3.post,baoding,north,22.9,25.7,20.8,90.0,4.1588830833596715,0.47000362924573563,2.6,3,1.7749523509116738,3,0.2,1.1939224684724346,100920.0,101130.0,100630.0,24.6,32.6,21.8,2
2424,2020-08-20,2415.0,15.76,44.4,450.0,14.04,3.5,85.0,2020,8,20,34,summer,3.post,baoding,north,22.8,26.7,20.2,76.0,3.970291913552122,1.0986122886681098,3.3,2,1.8562979903656263,4,6.5,0.0,101450.0,101610.0,101130.0,24.7,35.5,19.7,3
2425,2020-08-21,2416.0,22.34,54.39,360.0,17.28,3.5,86.25,2020,8,21,34,summer,3.post,baoding,north,21.9,28.1,16.1,78.0,3.7612001156935624,0.26236426446749106,2.2,7,1.6486586255873816,9,12.2,0.0,101480.0,101650.0,101240.0,26.4,38.4,17.1,4
2426,2020-08-22,2417.0,27.51,83.0,630.0,16.2,3.5,88.75,2020,8,22,34,summer,3.post,baoding,north,22.2,28.3,16.2,77.0,3.7376696182833684,0.7884573603642703,3.7,8,2.0149030205422647,9,10.1,0.0,101050.0,101340.0,100680.0,25.5,39.0,17.3,5
2427,2020-08-23,2418.0,46.3,26.64,360.0,6.48,2.1,70.0,2020,8,23,34,summer,3.post,baoding,north,23.9,29.8,18.7,85.0,4.1588830833596715,0.7884573603642703,7.5,16,2.5877640352277083,15,3.8,1.916922612182061,100240.0,100760.0,99850.0,27.1,40.6,20.0,6
2428,2020-08-24,2419.0,19.52,57.0,540.0,15.12,3.5,107.5,2020,8,24,34,summer,3.post,baoding,north,24.9,31.3,20.7,86.0,3.9512437185814275,0.8329091229351039,7.1,2,2.5649493574615367,3,9.5,1.9878743481543455,99790.0,99910.0,99530.0,27.5,41.2,21.2,0
2429,2020-08-25,2420.0,26.1,85.0,630.0,14.04,7.0,133.0,2020,8,25,34,summer,3.post,baoding,north,26.5,33.2,18.6,81.0,3.828641396489095,0.7419373447293773,2.9,5,1.667706820558076,6,11.5,0.0,100060.0,100170.0,99860.0,28.6,41.9,19.1,1
2430,2020-08-26,2421.0,47.1,85.0,630.0,10.8,3.5,118.75,2020,8,26,35,fall,3.post,baoding,north,26.3,30.5,22.8,83.0,4.174387269895637,1.1314021114911006,4.2,4,2.1041341542702074,3,5.0,0.0,100200.0,100360.0,100060.0,26.9,35.6,22.2,2
2431,2020-08-27,2422.0,47.9,45.51,360.0,11.88,3.5,105.0,2020,8,27,35,fall,3.post,baoding,north,25.0,31.7,20.4,87.0,4.02535169073515,1.0986122886681098,6.6,16,2.501435951739211,16,8.8,0.7419373447293773,99900.0,100230.0,99690.0,27.3,41.2,20.5,3
2432,2020-08-28,2423.0,27.51,109.0,630.0,23.76,3.5,96.25,2020,8,28,35,fall,3.post,baoding,north,24.6,30.8,19.4,84.0,4.060443010546419,0.3364722366212129,5.7,5,2.5726122302071057,4,9.6,0.6931471805599453,100310.0,100500.0,100040.0,27.7,38.6,20.2,4
2433,2020-08-29,2424.0,59.3,85.0,540.0,14.04,4.9,103.75,2020,8,29,35,fall,3.post,baoding,north,26.8,31.6,22.4,83.0,4.127134385045092,0.5306282510621704,2.5,5,1.7227665977411035,7,2.1,0.0,100650.0,100770.0,100410.0,27.9,38.5,22.7,5
2434,2020-08-30,2425.0,48.7,52.17,450.0,10.8,2.8,40.0,2020,8,30,35,fall,3.post,baoding,north,26.1,30.9,23.2,85.0,4.04305126783455,0.8329091229351039,3.1,5,1.7404661748405046,6,5.6,0.0,100840.0,100980.0,100680.0,28.4,38.8,22.4,6
2435,2020-08-31,2426.0,37.1,53.28,360.0,14.04,3.5,65.0,2020,8,31,35,fall,3.post,baoding,north,23.6,26.3,22.1,90.0,4.189654742026425,0.9932517730102834,5.4,2,2.322387720290225,2,0.4,1.4350845252893227,100880.0,101030.0,100750.0,24.9,33.0,21.8,0
2436,2020-09-01,2427.0,23.28,43.29,270.0,14.04,2.1,53.75,2020,9,1,35,fall,3.post,baoding,north,24.3,33.0,16.7,73.0,3.367295829986474,1.0296194171811581,9.3,16,2.772588722239781,16,10.1,0.09531017980432493,100680.0,100860.0,100420.0,26.1,39.7,16.6,1
2437,2020-09-02,2428.0,19.05,38.85,180.0,15.12,2.1,43.75,2020,9,2,36,fall,3.post,baoding,north,22.5,29.7,17.7,69.0,3.367295829986474,0.9162907318741551,7.8,2,2.7013612129514133,1,8.9,0.4054651081081644,100780.0,100980.0,100630.0,24.9,37.9,19.2,2
2438,2020-09-03,2429.0,14.82,53.28,180.0,19.44,2.8,58.75,2020,9,3,36,fall,3.post,baoding,north,20.7,28.7,12.8,68.0,3.4011973816621555,1.1939224684724346,5.7,15,2.424802725718295,16,12.0,0.0,100620.0,100820.0,100440.0,24.3,40.8,12.9,3
2440,2020-09-05,2431.0,35.9,107.0,540.0,19.44,6.3,152.2,2020,9,5,36,fall,3.post,baoding,north,22.3,30.2,15.2,76.0,3.7376696182833684,0.9932517730102834,3.7,6,1.9315214116032138,3,11.5,0.0,100440.0,100530.0,100290.0,27.2,46.5,14.9,5
2441,2020-09-06,2432.0,49.9,91.0,270.0,12.96,3.5,92.5,2020,9,6,36,fall,3.post,baoding,north,24.6,30.8,18.3,76.0,3.8918202981106265,1.0647107369924282,3.7,2,1.916922612182061,2,10.8,0.0,100620.0,100750.0,100470.0,29.6,49.0,17.6,6
2442,2020-09-07,2433.0,43.1,45.51,90.0,16.2,2.8,71.25,2020,9,7,36,fall,3.post,baoding,north,24.0,30.8,19.4,79.0,3.828641396489095,0.8754687373538999,9.7,16,2.9601050959108397,16,9.3,2.1041341542702074,100480.0,100690.0,100250.0,29.7,51.6,19.2,0
2444,2020-09-09,2435.0,16.7,55.5,90.0,15.12,2.8,52.5,2020,9,9,37,fall,3.post,baoding,north,22.9,30.9,15.4,71.0,3.332204510175204,0.7419373447293773,2.5,15,1.7047480922384253,16,10.8,0.0,100820.0,101040.0,100550.0,27.0,43.2,15.2,2
2445,2020-09-10,2436.0,17.17,41.07,180.0,11.88,2.8,43.75,2020,9,10,37,fall,3.post,baoding,north,22.5,28.9,15.1,60.0,3.5263605246161616,1.1314021114911006,7.2,4,2.6026896854443837,4,9.7,0.0,100720.0,101000.0,100530.0,26.8,45.7,14.5,3
2446,2020-09-11,2437.0,13.41,29.97,270.0,10.8,2.1,55.0,2020,9,11,37,fall,3.post,baoding,north,22.8,27.8,16.8,66.0,3.7376696182833684,1.0986122886681098,5.4,4,2.302585092994046,4,9.4,0.0,101260.0,101500.0,101010.0,28.8,45.8,16.7,4
2447,2020-09-12,2438.0,17.64,53.28,360.0,18.36,2.8,63.75,2020,9,12,37,fall,3.post,baoding,north,21.4,26.0,18.5,78.0,4.04305126783455,1.308332819650179,5.0,2,2.341805806147327,2,4.8,1.4350845252893227,101780.0,101920.0,101500.0,22.0,36.4,17.9,5
2448,2020-09-13,2439.0,32.68,54.39,360.0,12.96,3.5,50.0,2020,9,13,37,fall,3.post,baoding,north,21.2,27.0,17.1,86.0,3.970291913552122,0.5306282510621704,2.7,8,1.8718021769015913,8,6.6,1.589235205116581,101660.0,101900.0,101360.0,23.6,37.8,17.0,6
2449,2020-09-14,2440.0,43.1,32.19,450.0,11.88,2.1,46.25,2020,9,14,37,fall,3.post,baoding,north,21.1,22.8,19.6,92.0,4.343805421853684,0.6931471805599453,2.3,8,1.5040773967762742,8,0.0,1.0647107369924282,101250.0,101460.0,101080.0,22.2,27.6,19.3,0
2450,2020-09-15,2441.0,26.57,38.85,270.0,14.04,2.8,37.5,2020,9,15,37,fall,3.post,baoding,north,19.2,23.7,18.0,99.0,4.30406509320417,0.6418538861723947,3.0,3,1.7578579175523736,3,2.5,2.424802725718295,100630.0,101180.0,100230.0,20.8,31.5,19.0,1
2451,2020-09-16,2442.0,17.64,39.96,180.0,12.96,2.1,40.0,2020,9,16,38,fall,3.post,baoding,north,18.9,25.9,13.4,69.0,3.2188758248682006,1.252762968495368,5.6,11,2.2617630984737906,13,11.7,0.0,100770.0,100920.0,100380.0,21.4,34.2,13.0,2
2452,2020-09-17,2443.0,11.76,57.0,270.0,21.6,3.5,48.75,2020,9,17,38,fall,3.post,baoding,north,18.7,27.0,10.4,53.0,3.1780538303479458,1.0296194171811581,3.6,13,2.1162555148025524,13,11.7,0.0,101080.0,101210.0,100910.0,20.6,35.8,9.8,3
2453,2020-09-18,2444.0,19.99,81.0,360.0,28.08,4.2,103.75,2020,9,18,38,fall,3.post,baoding,north,17.2,27.9,9.0,73.0,3.1780538303479458,0.6418538861723947,3.2,3,1.9459101490553132,5,11.6,0.0,101180.0,101280.0,101070.0,20.8,36.0,10.3,4
2454,2020-09-19,2445.0,27.98,63.0,360.0,22.68,3.5,82.5,2020,9,19,38,fall,3.post,baoding,north,18.6,29.0,10.3,78.0,3.58351893845611,0.8329091229351039,3.4,11,1.9315214116032138,11,11.0,0.0,101300.0,101460.0,101060.0,21.6,35.9,11.4,5
2455,2020-09-20,2446.0,25.63,85.0,450.0,28.08,5.6,85.0,2020,9,20,38,fall,3.post,baoding,north,21.8,26.3,16.3,58.0,3.6888794541139363,1.4816045409242156,5.3,3,2.3608540011180215,3,9.7,0.0,101560.0,101790.0,101170.0,21.5,32.6,14.3,6
2456,2020-09-21,2447.0,39.9,101.0,450.0,25.92,4.9,70.0,2020,9,21,38,fall,3.post,baoding,north,20.5,26.0,15.6,81.0,4.07753744390572,0.4054651081081644,2.4,11,1.547562508716013,10,4.7,0.0,101490.0,101640.0,101300.0,22.7,35.1,14.9,0
2457,2020-09-22,2448.0,45.9,39.96,450.0,19.44,3.5,57.5,2020,9,22,38,fall,3.post,baoding,north,21.7,26.0,16.8,75.0,3.8501476017100584,1.0986122886681098,5.2,3,2.2407096892759584,3,3.8,0.0,101550.0,101710.0,101380.0,22.1,31.7,16.4,1
2458,2020-09-23,2449.0,27.98,57.0,540.0,15.12,2.8,62.5,2020,9,23,39,fall,3.post,baoding,north,18.1,22.5,16.5,94.0,4.2626798770413155,0.9162907318741551,6.5,13,2.4336133554004498,13,0.0,3.7954891891721947,101630.0,101770.0,101480.0,18.3,20.7,16.5,2
2459,2020-09-24,2450.0,40.3,87.0,1620.0,23.76,2.8,77.5,2020,9,24,39,fall,3.post,baoding,north,18.3,23.2,15.7,90.0,4.07753744390572,0.6418538861723947,2.4,3,1.547562508716013,2,2.6,0.0,101460.0,101630.0,101310.0,20.3,30.0,15.6,3
2460,2020-09-25,2451.0,44.3,105.0,270.0,31.32,2.8,103.75,2020,9,25,39,fall,3.post,baoding,north,17.6,24.9,12.0,89.0,4.007333185232471,0.6418538861723947,2.0,6,1.5040773967762742,3,6.9,0.0,101490.0,101630.0,101410.0,20.7,33.5,12.2,4
2461,2020-09-26,2452.0,52.7,121.0,270.0,33.48,3.5,105.0,2020,9,26,39,fall,3.post,baoding,north,17.9,25.5,11.6,87.0,3.912023005428146,0.5877866649021191,2.2,8,1.589235205116581,8,9.1,0.0,101640.0,101800.0,101510.0,20.5,34.7,12.0,5
2462,2020-09-27,2453.0,53.9,161.0,900.0,36.72,4.9,102.5,2020,9,27,39,fall,3.post,baoding,north,18.1,26.3,11.8,86.0,3.871201010907891,0.3364722366212129,2.6,9,1.7404661748405046,9,9.3,0.0,101590.0,101780.0,101360.0,20.7,33.9,11.9,6
2463,2020-09-28,2454.0,97.3,45.51,270.0,12.96,2.1,36.25,2020,9,28,39,fall,3.post,baoding,north,19.6,25.9,13.9,88.0,4.02535169073515,0.6931471805599453,3.9,11,1.9740810260220096,11,3.0,0.0,101250.0,101490.0,100930.0,21.0,30.7,13.8,0
2464,2020-09-29,2455.0,27.04,31.08,180.0,12.96,1.4,23.75,2020,9,29,39,fall,3.post,baoding,north,15.8,20.3,13.2,90.0,4.30406509320417,1.0986122886681098,7.0,3,2.6026896854443837,3,0.0,2.0149030205422647,101410.0,101650.0,101080.0,16.2,20.3,14.1,1
2465,2020-09-30,2456.0,25.16,71.0,270.0,15.12,2.8,33.75,2020,9,30,40,fall,3.post,baoding,north,15.9,18.8,13.7,87.0,4.07753744390572,0.5306282510621704,1.8,14,1.410986973710262,11,0.0,0.0,101500.0,101740.0,101230.0,17.4,25.2,14.0,2
2466,2020-10-01,2457.0,51.5,43.29,90.0,10.8,2.8,35.0,2020,10,1,40,fall,3.post,baoding,north,16.6,21.1,14.0,89.0,4.189654742026425,0.3364722366212129,2.0,6,1.6094379124341003,5,2.6,0.0,100880.0,101240.0,100680.0,18.9,28.2,14.9,3
2467,2020-10-02,2458.0,18.11,83.0,270.0,22.68,5.6,46.25,2020,10,2,40,fall,3.post,baoding,north,15.8,21.8,10.8,49.0,3.091042453358316,0.9932517730102834,5.6,15,2.2925347571405443,14,4.5,0.0,101390.0,101580.0,100910.0,15.3,27.3,7.4,4
2468,2020-10-03,2459.0,35.5,48.84,180.0,8.64,2.1,35.0,2020,10,3,40,fall,3.post,baoding,north,13.4,23.4,6.0,76.0,3.4011973816621555,0.6418538861723947,5.7,11,2.3513752571634776,11,9.9,0.0,101410.0,101670.0,101010.0,14.8,27.4,6.6,5
2469,2020-10-04,2460.0,15.76,69.0,270.0,21.6,2.8,32.5,2020,10,4,40,fall,3.post,baoding,north,13.7,19.1,8.4,32.0,3.044522437723423,1.2237754316221157,7.0,16,2.580216829592325,16,11.0,0.0,102050.0,102270.0,101200.0,13.1,26.4,3.6,6
2470,2020-10-05,2461.0,27.51,121.0,270.0,34.56,6.3,38.75,2020,10,5,40,fall,3.post,baoding,north,9.9,20.2,1.7,71.0,3.2188758248682006,0.7884573603642703,3.4,11,1.8870696490323797,12,10.8,0.0,102260.0,102490.0,101960.0,12.2,27.7,2.0,0
2471,2020-10-06,2462.0,53.1,145.0,540.0,35.64,7.0,42.5,2020,10,6,40,fall,3.post,baoding,north,11.6,20.9,2.5,76.0,3.5553480614894135,0.5877866649021191,3.1,10,1.8870696490323797,9,7.4,0.0,102150.0,102310.0,101930.0,13.1,26.9,2.8,1
2472,2020-10-07,2463.0,61.2,187.0,630.0,42.12,7.7,21.25,2020,10,7,41,fall,3.post,baoding,north,13.6,22.7,6.8,78.0,3.5553480614894135,0.5306282510621704,2.9,9,2.028148247292285,10,9.9,0.0,102300.0,102470.0,102130.0,15.3,29.0,6.6,2
2473,2020-10-08,2464.0,110.6,227.0,720.0,44.28,7.7,68.75,2020,10,8,41,fall,3.post,baoding,north,12.9,20.3,7.0,83.0,3.784189633918261,0.47000362924573563,2.2,3,1.5260563034950492,3,0.8,0.0,102500.0,102750.0,102330.0,12.9,26.5,6.0,3
2474,2020-10-09,2465.0,135.3,213.0,630.0,36.72,5.6,61.25,2020,10,9,41,fall,3.post,baoding,north,15.4,22.6,9.4,83.0,3.8501476017100584,0.6931471805599453,2.9,9,1.7749523509116738,8,6.9,0.0,102080.0,102440.0,101810.0,16.5,28.6,8.7,4
2475,2020-10-10,2466.0,142.9,145.0,270.0,25.92,4.2,40.0,2020,10,10,41,fall,3.post,baoding,north,15.7,22.4,8.4,80.0,3.9318256327243257,0.9932517730102834,4.3,10,2.0149030205422647,9,5.1,0.0,101760.0,101980.0,101550.0,15.3,27.7,7.4,5
2476,2020-10-11,2467.0,51.5,65.0,270.0,25.92,4.2,37.5,2020,10,11,41,fall,3.post,baoding,north,16.1,22.2,11.0,70.0,3.6635616461296463,1.0986122886681098,5.1,3,2.302585092994046,4,5.7,0.0,101550.0,101900.0,101290.0,16.3,28.1,9.4,6
2477,2020-10-12,2468.0,27.04,99.0,270.0,29.16,4.9,33.75,2020,10,12,41,fall,3.post,baoding,north,13.5,19.6,4.7,48.0,3.4011973816621555,0.9162907318741551,3.6,10,1.9315214116032138,12,10.0,0.0,102030.0,102340.0,101700.0,14.9,29.4,4.1,0
2478,2020-10-13,2469.0,41.5,63.0,180.0,21.6,2.8,18.75,2020,10,13,41,fall,3.post,baoding,north,13.1,22.3,4.2,61.0,3.1354942159291497,0.9932517730102834,3.9,6,1.9600947840472698,5,9.8,0.0,102000.0,102210.0,101840.0,14.3,32.1,3.4,1
2479,2020-10-14,2470.0,20.46,143.0,270.0,29.16,3.5,37.5,2020,10,14,42,fall,3.post,baoding,north,12.4,16.5,8.9,51.0,3.332204510175204,1.2237754316221157,4.5,2,2.128231705849268,2,4.8,0.0,102690.0,103000.0,102220.0,14.7,27.7,9.2,2
2480,2020-10-15,2471.0,89.7,103.0,360.0,25.92,3.5,38.75,2020,10,15,42,fall,3.post,baoding,north,11.3,18.1,6.0,88.0,4.127134385045092,0.4054651081081644,2.7,8,1.7404661748405046,7,4.6,0.0,102300.0,102610.0,102010.0,13.6,28.1,4.5,3
2481,2020-10-16,2472.0,41.9,79.0,270.0,23.76,4.2,41.25,2020,10,16,42,fall,3.post,baoding,north,12.9,21.4,8.0,74.0,2.8903717578961645,0.9162907318741551,3.3,15,1.8562979903656263,14,10.1,0.0,102360.0,102610.0,102140.0,15.6,33.9,6.2,4
2482,2020-10-17,2473.0,33.62,137.0,540.0,36.72,5.6,40.0,2020,10,17,42,fall,3.post,baoding,north,11.0,22.7,2.1,60.0,2.9444389791664403,0.9932517730102834,4.3,11,2.1400661634962708,10,10.4,0.0,102110.0,102360.0,101800.0,13.2,33.3,0.9,5
2483,2020-10-18,2474.0,52.3,193.0,810.0,38.88,4.9,51.25,2020,10,18,42,fall,3.post,baoding,north,11.1,21.7,2.5,75.0,3.2188758248682006,0.7419373447293773,3.2,2,1.8082887711792655,3,9.6,0.0,102070.0,102260.0,101920.0,13.3,32.3,0.9,6
2484,2020-10-19,2475.0,80.2,169.0,900.0,34.56,5.6,35.0,2020,10,19,42,fall,3.post,baoding,north,11.3,21.6,4.6,82.0,3.58351893845611,0.47000362924573563,2.2,3,1.5260563034950492,8,8.8,0.0,102200.0,102380.0,102010.0,13.4,31.3,3.1,0
2485,2020-10-20,2476.0,125.8,133.0,270.0,19.44,2.1,35.0,2020,10,20,42,fall,3.post,baoding,north,11.5,18.4,5.5,83.0,3.970291913552122,0.5306282510621704,2.3,9,1.589235205116581,8,0.8,0.0,101880.0,102220.0,101500.0,12.3,26.3,4.5,1
2486,2020-10-21,2477.0,40.7,87.0,180.0,19.44,3.5,40.0,2020,10,21,43,fall,3.post,baoding,north,12.0,19.2,7.3,50.0,2.5649493574615367,1.1631508098056809,7.5,13,2.4765384001174837,13,9.4,0.0,101620.0,101900.0,101310.0,13.9,33.1,2.6,2
2487,2020-10-22,2478.0,28.92,79.0,360.0,27.0,4.2,45.0,2020,10,22,43,fall,3.post,baoding,north,9.8,18.4,1.3,46.0,2.70805020110221,1.1314021114911006,4.9,1,2.2823823856765264,15,9.8,0.0,101990.0,102180.0,101680.0,11.7,34.2,-0.5,3
2488,2020-10-23,2479.0,30.33,145.0,810.0,34.56,7.7,43.75,2020,10,23,43,fall,3.post,baoding,north,6.7,16.6,-0.9,64.0,3.044522437723423,0.7419373447293773,3.2,12,1.8082887711792655,12,10.2,0.0,102290.0,102560.0,102020.0,10.7,33.6,-2.9,4
2489,2020-10-24,2480.0,57.4,402.6,810.0,43.2,7.7,37.5,2020,10,24,43,fall,3.post,baoding,north,7.8,18.8,-0.4,69.0,3.367295829986474,0.8329091229351039,3.7,10,2.0014800002101243,11,9.2,0.0,102020.0,102280.0,101770.0,11.1,33.9,-2.4,5
2490,2020-10-25,2481.0,108.7,446.6,1260.0,48.6,8.4,53.75,2020,10,25,43,fall,3.post,baoding,north,12.0,19.6,5.8,64.0,3.58351893845611,0.4054651081081644,2.0,4,1.4586150226995167,9,6.3,0.0,101610.0,101840.0,101410.0,14.3,33.6,4.2,6
2491,2020-10-26,2482.0,157.5,121.0,180.0,27.0,3.5,25.0,2020,10,26,43,fall,3.post,baoding,north,11.9,20.7,5.7,80.0,3.713572066704308,0.26236426446749106,1.8,5,1.4586150226995167,4,5.3,0.0,101710.0,101840.0,101560.0,14.2,32.0,3.8,0
2492,2020-10-27,2483.0,36.7,107.0,360.0,27.0,4.2,28.75,2020,10,27,43,fall,3.post,baoding,north,10.8,16.1,8.3,53.0,2.995732273553991,0.8329091229351039,4.0,4,2.028148247292285,4,3.0,0.0,102380.0,102640.0,101760.0,11.3,28.2,2.6,1
2493,2020-10-28,2484.0,38.7,131.0,720.0,33.48,5.6,30.0,2020,10,28,44,fall,3.post,baoding,north,8.4,19.1,1.4,67.0,2.772588722239781,0.4054651081081644,2.0,12,1.5040773967762742,7,7.3,0.0,102610.0,102830.0,102480.0,11.5,33.5,-0.1,2
2494,2020-10-29,2485.0,53.1,127.0,900.0,34.56,5.6,43.75,2020,10,29,44,fall,3.post,baoding,north,10.1,16.7,5.9,67.0,3.6635616461296463,0.7419373447293773,3.4,11,1.8718021769015913,9,3.0,0.0,102500.0,102630.0,102380.0,11.1,25.0,4.0,3
2495,2020-10-30,2486.0,61.2,179.0,810.0,42.12,5.6,48.75,2020,10,30,44,fall,3.post,baoding,north,7.7,17.4,0.6,80.0,3.6375861597263857,0.26236426446749106,2.6,9,1.62924053973028,8,7.6,0.0,102500.0,102780.0,102220.0,9.7,29.0,-1.2,4
2496,2020-10-31,2487.0,108.7,131.0,450.0,23.76,3.5,35.0,2020,10,31,44,fall,3.post,baoding,north,11.5,19.3,5.4,75.0,3.6375861597263857,0.5877866649021191,2.8,5,1.7227665977411035,4,7.3,0.0,101740.0,102290.0,101470.0,13.6,30.1,4.0,5
2497,2020-11-01,2488.0,34.09,75.0,270.0,17.28,2.8,32.5,2020,11,1,44,fall,3.post,baoding,north,11.2,20.0,4.3,52.0,2.772588722239781,0.8329091229351039,5.2,14,2.451005098112319,14,7.8,0.0,101950.0,102170.0,101680.0,11.0,31.3,1.8,6
2498,2020-11-02,2489.0,24.69,83.0,450.0,25.92,4.2,25.0,2020,11,2,44,fall,3.post,baoding,north,9.7,15.7,2.8,37.0,2.5649493574615367,1.2237754316221157,6.7,15,2.4595888418037104,15,9.7,0.0,102380.0,102560.0,101950.0,9.1,28.4,-1.6,0
2499,2020-11-03,2490.0,32.21,149.0,630.0,34.56,6.3,23.75,2020,11,3,44,fall,3.post,baoding,north,4.4,14.7,-3.0,58.0,2.9444389791664403,0.4054651081081644,3.1,6,1.7578579175523736,4,9.6,0.0,102560.0,102800.0,102310.0,6.4,28.0,-4.8,1
2500,2020-11-04,2491.0,57.4,197.0,450.0,45.36,10.5,12.5,2020,11,4,45,fall,3.post,baoding,north,5.3,15.9,-1.9,64.0,3.295836866004329,0.4054651081081644,3.2,10,1.7578579175523736,9,8.8,0.0,101940.0,102400.0,101580.0,7.0,26.9,-3.7,2
2501,2020-11-05,2492.0,93.5,177.0,360.0,32.4,5.6,41.25,2020,11,5,45,fall,3.post,baoding,north,8.2,15.1,1.3,68.0,3.6888794541139363,0.47000362924573563,2.4,8,1.62924053973028,8,2.2,0.0,101850.0,102070.0,101670.0,8.3,24.3,-0.7,3
2502,2020-11-06,2493.0,48.7,147.0,360.0,19.44,3.5,38.75,2020,11,6,45,fall,3.post,baoding,north,10.1,19.1,1.6,57.0,2.6390573296152584,1.0986122886681098,7.0,14,2.4069451083182885,14,8.9,0.0,101630.0,101890.0,101400.0,9.5,28.0,-0.5,4
2503,2020-11-07,2494.0,37.5,81.0,270.0,20.52,3.5,30.0,2020,11,7,45,fall,3.post,baoding,north,12.3,20.5,2.4,34.0,2.5649493574615367,1.3862943611198906,7.9,14,2.5877640352277083,14,8.6,0.0,101940.0,102240.0,101560.0,10.2,28.1,-0.5,5
2504,2020-11-08,2495.0,26.1,133.0,450.0,29.16,4.9,27.5,2020,11,8,45,fall,3.post,baoding,north,5.9,16.3,-2.3,48.0,2.70805020110221,0.9555114450274363,5.6,16,2.186051276738094,16,9.5,0.0,102830.0,103160.0,102250.0,6.6,26.0,-4.4,6
2505,2020-11-09,2496.0,43.9,185.0,900.0,39.96,7.7,27.5,2020,11,9,45,fall,3.post,baoding,north,5.7,17.1,-2.1,55.0,2.995732273553991,0.5877866649021191,2.4,10,1.7227665977411035,10,9.3,0.0,102510.0,102730.0,102260.0,6.6,27.4,-4.6,0
2506,2020-11-10,2497.0,78.3,459.4,900.0,52.92,7.0,28.75,2020,11,10,45,fall,3.post,baoding,north,5.4,16.3,-1.1,71.0,3.4339872044851463,0.3364722366212129,1.9,6,1.4350845252893227,5,7.5,0.0,102590.0,102810.0,102430.0,6.5,26.1,-3.6,1
2507,2020-11-11,2498.0,159.5,355.0,810.0,64.12,9.1,37.5,2020,11,11,46,fall,3.post,baoding,north,6.8,16.4,0.6,77.0,3.7376696182833684,0.47000362924573563,2.2,9,1.5040773967762742,9,4.8,0.0,102490.0,102700.0,102260.0,7.5,24.4,-0.9,2
2508,2020-11-12,2499.0,195.5,177.0,810.0,38.88,5.6,23.75,2020,11,12,46,fall,3.post,baoding,north,7.5,17.8,1.6,81.0,3.784189633918261,0.5306282510621704,2.2,3,1.547562508716013,3,5.6,0.0,102450.0,102740.0,102200.0,7.6,24.6,0.0,3
2509,2020-11-13,2500.0,89.7,125.0,540.0,34.56,5.6,11.25,2020,11,13,46,fall,3.post,baoding,north,6.6,16.3,-0.9,78.0,3.4657359027997265,0.5877866649021191,4.4,2,2.0014800002101243,2,7.8,0.0,103010.0,103260.0,102740.0,7.1,25.1,-4.3,4
2510,2020-11-14,2501.0,53.1,191.0,810.0,39.96,7.0,20.0,2020,11,14,46,fall,3.post,baoding,north,9.1,13.4,5.3,76.0,3.871201010907891,0.3364722366212129,1.9,6,1.3862943611198906,2,0.0,0.0,102560.0,102920.0,102320.0,9.5,19.7,3.4,5
2511,2020-11-15,2502.0,103.0,211.0,990.0,41.04,6.3,6.25,2020,11,15,46,fall,3.post,baoding,north,10.1,15.4,7.2,78.0,3.912023005428146,0.6418538861723947,2.1,3,1.410986973710262,5,0.1,0.0,102360.0,102460.0,102220.0,10.9,23.6,5.8,6
2512,2020-11-16,2503.0,135.3,205.0,1170.0,31.32,3.5,1.25,2020,11,16,46,fall,3.post,baoding,north,10.1,14.4,4.3,74.0,4.1588830833596715,1.308332819650179,4.5,2,2.1400661634962708,2,0.0,0.0,102350.0,102660.0,102080.0,9.9,21.4,2.7,0
2513,2020-11-17,2504.0,103.0,63.0,990.0,18.36,2.8,33.75,2020,11,17,46,fall,3.post,baoding,north,10.3,11.5,9.7,89.0,4.174387269895637,1.2237754316221157,4.2,2,1.9740810260220096,2,0.0,0.47000362924573563,101660.0,102090.0,101430.0,10.3,11.5,9.5,1
2514,2020-11-18,2505.0,76.4,35.52,360.0,16.2,4.9,22.5,2020,11,18,47,fall,3.post,baoding,north,10.9,11.8,9.7,98.0,4.564348191467836,1.3609765531356006,6.9,2,2.517696472610991,2,0.0,2.9338568698359038,100670.0,101450.0,100200.0,10.6,12.5,9.4,2
2515,2020-11-19,2506.0,26.1,55.5,270.0,23.76,3.5,23.75,2020,11,19,47,fall,3.post,baoding,north,8.1,11.1,6.2,77.0,4.07753744390572,1.252762968495368,4.3,4,2.1400661634962708,5,5.0,0.09531017980432493,101330.0,101910.0,100520.0,8.9,18.3,4.0,3
2516,2020-11-20,2507.0,30.33,71.0,360.0,23.76,2.8,15.0,2020,11,20,47,fall,3.post,baoding,north,3.4,8.0,-0.1,68.0,3.7376696182833684,0.6931471805599453,5.0,4,2.1972245773362196,3,7.7,0.0,102520.0,102790.0,101910.0,4.3,14.5,-0.8,4
2517,2020-11-21,2508.0,47.5,49.95,270.0,21.6,2.8,27.5,2020,11,21,47,fall,3.post,baoding,north,3.0,4.5,1.6,83.0,4.127134385045092,0.9555114450274363,3.5,3,1.8718021769015913,3,0.0,1.252762968495368,102650.0,102900.0,102470.0,3.6,7.1,2.0,5
2518,2020-11-22,2509.0,32.68,91.0,450.0,27.0,4.2,21.25,2020,11,22,47,fall,3.post,baoding,north,2.2,6.0,-1.5,69.0,3.6888794541139363,0.9555114450274363,2.9,6,1.7404661748405046,6,6.3,0.09531017980432493,103270.0,103450.0,102910.0,4.1,14.4,-0.7,6
2519,2020-11-23,2510.0,41.5,129.0,810.0,31.32,5.6,11.25,2020,11,23,47,fall,3.post,baoding,north,-1.2,4.8,-6.0,74.0,3.5553480614894135,0.6931471805599453,2.7,11,1.62924053973028,11,5.9,0.0,103180.0,103490.0,102920.0,0.4,9.7,-4.3,0
2520,2020-11-24,2511.0,66.9,133.0,1080.0,30.24,2.8,11.25,2020,11,24,47,fall,3.post,baoding,north,0.5,7.1,-4.6,79.0,3.8066624897703196,0.47000362924573563,2.4,8,1.5686159179138452,7,7.1,0.0,102740.0,103000.0,102510.0,1.9,12.4,-3.0,1
2521,2020-11-25,2512.0,85.9,69.0,450.0,30.24,4.9,16.25,2020,11,25,48,winter,3.post,baoding,north,2.6,6.2,-0.8,81.0,3.9512437185814275,1.0296194171811581,3.0,4,1.791759469228055,6,2.7,0.0,102810.0,102960.0,102630.0,4.0,12.4,-0.1,2
2522,2020-11-26,2513.0,39.5,81.0,450.0,25.92,3.5,20.0,2020,11,26,48,winter,3.post,baoding,north,3.1,4.7,0.3,67.0,3.7612001156935624,1.0647107369924282,4.5,2,2.0541237336955462,2,0.0,0.09531017980432493,103170.0,103330.0,102950.0,2.3,7.0,-0.4,3
2523,2020-11-27,2514.0,39.9,69.0,360.0,27.0,4.9,17.5,2020,11,27,48,winter,3.post,baoding,north,0.6,5.9,-2.6,77.0,3.6109179126442243,0.8329091229351039,3.9,3,1.9600947840472698,4,6.5,0.0,103520.0,103770.0,103200.0,1.9,10.5,-1.7,4
2524,2020-11-28,2515.0,36.7,121.0,540.0,30.24,3.5,12.5,2020,11,28,48,winter,3.post,baoding,north,-2.0,1.1,-4.6,65.0,3.713572066704308,0.6931471805599453,2.9,5,1.6863989535702288,7,2.1,0.0,103510.0,103820.0,103190.0,-1.4,2.6,-3.7,5
2525,2020-11-29,2516.0,51.9,119.0,630.0,30.24,4.9,13.75,2020,11,29,48,winter,3.post,baoding,north,-1.4,5.0,-6.4,71.0,3.8066624897703196,0.3364722366212129,1.8,11,1.62924053973028,12,7.2,0.0,103190.0,103420.0,103020.0,0.4,8.0,-4.1,6
2526,2020-11-30,2517.0,50.7,131.0,720.0,31.32,7.0,8.75,2020,11,30,48,winter,3.post,baoding,north,-2.7,3.0,-6.4,74.0,3.6888794541139363,0.6931471805599453,3.6,5,1.840549633397487,5,5.3,0.0,103700.0,103900.0,103420.0,-1.4,5.8,-5.0,0
2527,2020-12-01,2518.0,63.1,137.0,720.0,27.0,3.5,8.75,2020,12,1,48,winter,3.post,baoding,north,-1.4,1.3,-5.6,74.0,4.007333185232471,0.6931471805599453,3.0,2,1.547562508716013,2,7.2,0.0,103640.0,103890.0,103400.0,-1.4,0.4,-4.2,1
2528,2020-12-02,2519.0,93.5,115.0,630.0,29.16,4.9,27.5,2020,12,2,49,winter,3.post,baoding,north,-1.0,3.1,-3.4,87.0,4.143134726391533,0.7419373447293773,2.2,4,1.589235205116581,4,0.0,0.0,103470.0,103660.0,103300.0,0.3,6.7,-2.3,2
2529,2020-12-03,2520.0,53.9,101.0,630.0,31.32,4.2,25.0,2020,12,3,49,winter,3.post,baoding,north,-3.5,4.3,-8.6,73.0,3.4657359027997265,0.26236426446749106,2.3,11,1.6486586255873816,9,5.0,0.0,103670.0,103920.0,103490.0,-2.2,7.2,-7.0,3
2530,2020-12-04,2521.0,48.3,127.0,810.0,35.64,6.3,17.5,2020,12,4,49,winter,3.post,baoding,north,-3.6,4.4,-9.4,64.0,3.258096538021482,0.5877866649021191,2.4,8,1.6094379124341003,9,8.8,0.0,103240.0,103610.0,102970.0,-2.8,6.6,-7.6,4
2531,2020-12-05,2522.0,61.2,149.0,810.0,38.88,7.7,12.5,2020,12,5,49,winter,3.post,baoding,north,-3.4,5.1,-10.0,65.0,3.332204510175204,0.6418538861723947,1.9,10,1.4816045409242156,7,8.9,0.0,102830.0,103080.0,102600.0,-2.3,7.0,-8.1,5
2532,2020-12-06,2523.0,82.1,83.0,450.0,27.0,3.5,25.0,2020,12,6,49,winter,3.post,baoding,north,-1.5,5.7,-6.4,71.0,3.6375861597263857,0.6418538861723947,2.6,4,1.6094379124341003,4,0.0,0.0,102690.0,102980.0,102470.0,-1.6,7.8,-5.4,6
2533,2020-12-07,2524.0,37.5,129.0,810.0,33.48,7.7,13.75,2020,12,7,49,winter,3.post,baoding,north,-3.3,4.1,-7.2,61.0,3.332204510175204,0.5877866649021191,3.2,12,1.791759469228055,12,0.0,0.0,103380.0,103670.0,102980.0,-2.2,7.2,-6.6,0
2534,2020-12-08,2525.0,59.3,155.0,990.0,36.72,7.7,6.25,2020,12,8,49,winter,3.post,baoding,north,-4.2,2.9,-11.0,66.0,3.4011973816621555,0.7419373447293773,3.6,10,1.9021075263969205,10,6.8,0.0,102940.0,103380.0,102600.0,-2.7,7.1,-8.5,1
2535,2020-12-09,2526.0,85.9,195.0,1440.0,41.04,7.0,7.5,2020,12,9,50,winter,3.post,baoding,north,-2.4,3.7,-7.1,68.0,3.7612001156935624,0.5306282510621704,2.5,6,1.6094379124341003,5,8.7,0.0,102230.0,102680.0,101980.0,-1.7,7.0,-6.2,2
2536,2020-12-10,2527.0,110.6,201.0,1350.0,45.36,7.0,11.25,2020,12,10,50,winter,3.post,baoding,north,-0.6,8.6,-7.5,66.0,3.4657359027997265,0.6931471805599453,3.3,11,1.7578579175523736,11,2.6,0.0,102080.0,102300.0,101870.0,-1.1,10.6,-7.2,3
2537,2020-12-11,2528.0,137.2,183.0,1620.0,34.56,2.8,5.0,2020,12,11,50,winter,3.post,baoding,north,-2.2,5.2,-7.6,82.0,3.871201010907891,0.7884573603642703,2.3,6,1.5260563034950492,7,8.3,0.0,102040.0,102240.0,101820.0,-1.5,7.9,-6.8,4
2538,2020-12-12,2529.0,142.9,63.0,450.0,10.8,2.1,33.75,2020,12,12,50,winter,3.post,baoding,north,-2.3,-1.1,-3.6,98.0,4.574710978503383,0.7419373447293773,2.3,11,1.4816045409242156,9,4.6,0.5306282510621704,101810.0,102110.0,101500.0,-0.8,1.8,-1.8,5
2539,2020-12-13,2530.0,27.98,67.0,450.0,22.68,4.2,25.0,2020,12,13,50,winter,3.post,baoding,north,-2.3,0.7,-5.1,29.0,2.6390573296152584,1.5260563034950492,7.1,14,2.424802725718295,16,5.7,0.0,103010.0,103510.0,101620.0,-3.2,5.9,-6.5,6
2540,2020-12-14,2531.0,32.68,107.0,720.0,31.32,7.7,13.75,2020,12,14,50,winter,3.post,baoding,north,-6.2,0.9,-10.8,41.0,2.833213344056216,0.9932517730102834,4.6,12,2.1400661634962708,11,5.7,0.0,103360.0,103640.0,103080.0,-5.8,6.9,-11.1,0
2541,2020-12-15,2532.0,50.7,143.0,990.0,36.72,7.7,11.25,2020,12,15,50,winter,3.post,baoding,north,-7.1,1.6,-13.5,56.0,3.1354942159291497,0.5306282510621704,3.0,5,1.667706820558076,5,5.6,0.0,103320.0,103490.0,103100.0,-6.1,7.4,-12.2,1
2542,2020-12-16,2533.0,74.5,165.0,1260.0,38.88,9.1,10.0,2020,12,16,51,winter,3.post,baoding,north,-7.0,2.4,-13.0,58.0,3.2188758248682006,0.6931471805599453,2.6,8,1.547562508716013,6,0.0,0.0,103380.0,103640.0,103170.0,-6.3,7.7,-12.3,2
2543,2020-12-17,2534.0,89.7,125.0,900.0,31.32,7.7,26.25,2020,12,17,51,winter,3.post,baoding,north,-4.6,4.2,-11.1,53.0,3.295836866004329,0.6931471805599453,2.1,5,1.4350845252893227,5,0.1,0.0,102910.0,103220.0,102680.0,-5.1,9.6,-12.1,3
2544,2020-12-18,2535.0,44.7,119.0,1080.0,33.48,7.0,13.75,2020,12,18,51,winter,3.post,baoding,north,-4.4,2.7,-9.4,52.0,3.2188758248682006,0.5877866649021191,4.4,3,2.0149030205422647,3,7.7,0.0,103450.0,103740.0,102870.0,-5.0,9.3,-11.1,4
2545,2020-12-19,2536.0,51.9,177.0,1350.0,39.96,9.8,13.75,2020,12,19,51,winter,3.post,baoding,north,-5.5,4.2,-11.1,54.0,3.4011973816621555,0.5877866649021191,4.3,11,1.9878743481543455,11,8.6,0.0,103490.0,103830.0,103160.0,-5.8,9.2,-12.7,5
2546,2020-12-20,2537.0,101.1,187.0,1350.0,45.36,8.4,13.75,2020,12,20,51,winter,3.post,baoding,north,-5.4,4.5,-11.6,68.0,3.5263605246161616,0.5877866649021191,2.7,5,1.7047480922384253,7,8.4,0.0,103250.0,103450.0,103110.0,-5.1,10.1,-12.1,6
2547,2020-12-21,2538.0,110.6,195.0,1710.0,47.52,9.8,12.5,2020,12,21,51,winter,3.post,baoding,north,-4.6,5.8,-11.8,65.0,3.4011973816621555,0.4054651081081644,1.7,8,1.308332819650179,7,8.4,0.0,102700.0,103230.0,102360.0,-4.9,11.0,-12.3,0
2548,2020-12-22,2539.0,116.3,201.0,1350.0,37.8,6.3,36.25,2020,12,22,51,winter,3.post,baoding,north,-3.7,7.9,-11.0,64.0,3.367295829986474,0.6931471805599453,2.5,11,1.5040773967762742,11,7.6,0.0,102050.0,102480.0,101770.0,-4.2,12.2,-11.7,1
2549,2020-12-23,2540.0,74.5,123.0,900.0,29.16,6.3,27.5,2020,12,23,52,winter,3.post,baoding,north,-1.3,10.4,-7.7,55.0,2.3978952727983707,0.6931471805599453,5.0,13,2.1041341542702074,13,8.2,0.0,101950.0,102180.0,101740.0,-2.8,13.6,-10.0,2
2550,2020-12-24,2541.0,45.9,123.0,990.0,34.56,5.6,12.5,2020,12,24,52,winter,3.post,baoding,north,-3.1,5.9,-9.5,43.0,2.772588722239781,1.0986122886681098,4.5,11,2.028148247292285,11,7.5,0.0,102310.0,102590.0,102090.0,-4.6,11.4,-11.6,3
2551,2020-12-25,2542.0,53.5,149.0,900.0,42.12,7.7,6.25,2020,12,25,52,winter,3.post,baoding,north,-1.9,6.9,-8.4,41.0,3.044522437723423,0.9162907318741551,3.0,12,1.7404661748405046,2,8.1,0.0,102060.0,102320.0,101870.0,-3.9,13.9,-11.7,4
2552,2020-12-26,2543.0,74.5,193.0,1440.0,48.6,7.7,10.0,2020,12,26,52,winter,3.post,baoding,north,-0.2,5.2,-5.5,43.0,3.4011973816621555,1.0296194171811581,4.2,2,1.9878743481543455,2,8.1,0.0,101870.0,102180.0,101550.0,-3.1,12.5,-9.2,5
2553,2020-12-27,2544.0,106.8,149.0,1080.0,32.4,4.9,8.75,2020,12,27,52,winter,3.post,baoding,north,-4.0,6.0,-10.3,73.0,3.713572066704308,0.4054651081081644,2.2,3,1.4350845252893227,12,7.8,0.0,101820.0,101970.0,101660.0,-4.1,11.8,-11.0,6
2554,2020-12-28,2545.0,93.5,131.0,450.0,14.04,2.8,35.0,2020,12,28,52,winter,3.post,baoding,north,-0.3,0.7,-5.6,73.0,4.0943445622221,1.33500106673234,4.9,2,2.0918640616783932,3,7.2,0.0,102510.0,102790.0,101970.0,-1.1,4.5,-7.8,0
2555,2020-12-29,2546.0,29.86,63.0,630.0,15.12,2.1,33.75,2020,12,29,52,winter,3.post,baoding,north,-7.8,-0.2,-14.7,29.0,2.70805020110221,1.4586150226995167,7.1,3,2.5416019934645457,3,8.3,0.0,103740.0,104020.0,102790.0,-6.5,8.0,-14.7,1
2556,2020-12-30,2547.0,25.16,65.0,810.0,22.68,3.5,31.25,2020,12,30,53,winter,3.post,baoding,north,-9.2,-2.4,-15.4,26.0,2.70805020110221,1.2809338454620642,5.9,15,2.3702437414678603,15,8.3,0.0,103660.0,104050.0,103400.0,-9.2,7.6,-17.4,2
2557,2020-12-31,2548.0,29.86,107.0,360.0,32.4,6.3,18.75,2020,12,31,53,winter,3.post,baoding,north,-6.8,4.4,-14.7,33.0,2.302585092994046,1.3862943611198906,8.3,14,2.5726122302071057,14,4.2,0.0,102920.0,103410.0,102580.0,-8.6,11.6,-17.0,3
2558,2021-01-01,2549.0,46.3,135.0,1260.0,34.56,8.4,10.0,2021,1,1,1,winter,3.post,baoding,north,-6.0,3.6,-14.1,38.0,2.70805020110221,0.7419373447293773,3.0,5,1.6863989535702288,5,8.3,0.0,102410.0,102610.0,102180.0,-7.2,11.3,-15.3,4
2559,2021-01-02,2550.0,80.2,103.0,990.0,32.4,4.9,23.75,2021,1,2,1,winter,3.post,baoding,north,-4.7,0.3,-7.9,57.0,3.332204510175204,1.1631508098056809,4.8,2,2.1972245773362196,2,7.6,0.0,102860.0,103120.0,102530.0,-5.6,7.8,-11.5,5
2560,2021-01-03,2551.0,48.7,91.0,630.0,31.32,6.3,18.75,2021,1,3,1,winter,3.post,baoding,north,-6.1,1.5,-11.1,55.0,3.1780538303479458,0.7419373447293773,3.1,4,1.791759469228055,3,7.4,0.0,103260.0,103530.0,103000.0,-6.4,10.4,-13.1,6
2561,2021-01-04,2552.0,44.7,52.17,270.0,16.2,4.2,28.75,2021,1,4,1,winter,3.post,baoding,north,-3.3,1.5,-6.0,40.0,3.4339872044851463,1.0647107369924282,3.0,3,1.7578579175523736,2,4.7,0.0,103120.0,103350.0,102940.0,-3.9,11.4,-9.8,0
2562,2021-01-05,2553.0,23.75,85.0,180.0,11.88,3.5,32.5,2021,1,5,1,winter,3.post,baoding,north,-8.3,-1.4,-15.0,38.0,2.995732273553991,0.9555114450274363,4.1,11,2.1162555148025524,11,8.6,0.0,103490.0,103870.0,103200.0,-8.8,8.7,-16.4,1
2563,2021-01-06,2554.0,23.75,49.95,180.0,10.8,2.8,32.5,2021,1,6,1,winter,3.post,baoding,north,-10.4,-6.0,-14.5,26.0,2.1972245773362196,1.7749523509116738,12.1,16,3.0492730404820207,16,8.1,0.0,103360.0,104000.0,102790.0,-10.3,2.4,-16.2,2
2564,2021-01-07,2555.0,23.75,61.0,360.0,18.36,2.8,35.0,2021,1,7,1,winter,3.post,baoding,north,-12.0,-4.3,-22.0,22.0,2.5649493574615367,1.1939224684724346,6.8,12,2.5416019934645457,13,8.1,0.0,103560.0,104140.0,103190.0,-11.6,6.8,-21.9,3
2565,2021-01-08,2556.0,38.7,81.0,450.0,22.68,4.9,28.75,2021,1,8,2,winter,3.post,baoding,north,-7.7,0.0,-17.7,28.0,2.772588722239781,1.1314021114911006,5.4,14,2.312535423847214,14,8.8,0.0,102890.0,103310.0,102610.0,-9.2,10.2,-18.7,4
2566,2021-01-09,2557.0,36.7,67.0,360.0,23.76,3.5,30.0,2021,1,9,2,winter,3.post,baoding,north,-6.8,3.8,-16.6,38.0,2.833213344056216,0.9162907318741551,4.2,14,2.0149030205422647,14,8.8,0.0,102720.0,103000.0,102480.0,-7.6,12.6,-17.4,5
2567,2021-01-10,2558.0,34.56,111.0,360.0,16.2,3.5,33.75,2021,1,10,2,winter,3.post,baoding,north,-4.1,2.3,-13.3,34.0,2.9444389791664403,0.8329091229351039,4.1,14,1.916922612182061,16,8.9,0.0,102930.0,103190.0,102610.0,-5.7,11.7,-15.9,6
2568,2021-01-11,2559.0,35.9,295.0,450.0,15.12,4.2,31.25,2021,1,11,2,winter,3.post,baoding,north,-2.5,3.2,-6.8,30.0,2.8903717578961645,1.3609765531356006,6.5,14,2.451005098112319,14,6.0,0.0,102500.0,103020.0,102120.0,-3.7,12.3,-12.5,0
2569,2021-01-12,2560.0,45.9,287.0,630.0,28.08,4.9,30.0,2021,1,12,2,winter,3.post,baoding,north,-0.9,9.0,-8.7,29.0,2.5649493574615367,1.2237754316221157,5.6,11,2.272125885509337,11,8.2,0.0,101000.0,102150.0,100560.0,-3.6,14.1,-12.0,1
2570,2021-01-13,2561.0,59.3,121.0,720.0,24.84,3.5,23.75,2021,1,13,2,winter,3.post,baoding,north,0.3,9.4,-6.6,35.0,2.9444389791664403,0.5877866649021191,3.1,7,1.791759469228055,6,6.9,0.0,101090.0,101530.0,100530.0,-1.5,15.1,-9.1,2
2571,2021-01-14,2562.0,42.3,187.0,630.0,20.52,4.2,28.75,2021,1,14,2,winter,3.post,baoding,north,-0.3,2.9,-3.4,62.0,3.4657359027997265,1.4586150226995167,4.9,2,2.2082744135228043,2,5.0,0.0,101380.0,101640.0,101000.0,-1.6,10.0,-6.3,3
2572,2021-01-15,2563.0,53.1,65.0,180.0,16.2,3.5,32.5,2021,1,15,3,winter,3.post,baoding,north,-2.5,4.9,-8.2,59.0,3.332204510175204,0.8329091229351039,5.2,4,2.2407096892759584,3,0.9,0.0,102150.0,102770.0,101330.0,-3.4,11.8,-9.3,4
2573,2021-01-16,2564.0,31.27,77.0,270.0,12.96,2.8,33.75,2021,1,16,3,winter,3.post,baoding,north,-4.5,1.7,-7.9,43.0,3.091042453358316,0.9932517730102834,3.6,4,1.916922612182061,3,4.1,0.0,103250.0,103450.0,102770.0,-4.8,12.6,-12.5,5
2574,2021-01-17,2565.0,25.63,111.0,450.0,21.6,6.3,27.5,2021,1,17,3,winter,3.post,baoding,north,-2.8,5.5,-9.0,28.0,2.4849066497880004,1.4816045409242156,6.8,12,2.4595888418037104,13,7.9,0.0,102570.0,103470.0,101880.0,-5.7,12.4,-14.9,6
2575,2021-01-18,2566.0,40.3,65.0,270.0,12.96,2.8,28.75,2021,1,18,3,winter,3.post,baoding,north,-1.3,7.5,-9.6,29.0,2.6390573296152584,1.252762968495368,4.4,6,2.174751721484161,6,8.8,0.0,102080.0,102490.0,101770.0,-3.7,15.5,-13.4,0
2576,2021-01-19,2567.0,30.8,115.0,720.0,23.76,2.8,26.25,2021,1,19,3,winter,3.post,baoding,north,-4.1,0.2,-5.2,72.0,3.295836866004329,1.410986973710262,4.8,2,2.151762203259462,3,8.6,0.9162907318741551,102700.0,102900.0,102450.0,-2.6,11.2,-7.9,1
2577,2021-01-20,2568.0,53.1,167.0,990.0,27.0,3.5,31.25,2021,1,20,3,winter,3.post,baoding,north,-7.2,0.3,-12.1,76.0,3.9512437185814275,0.5306282510621704,2.2,5,1.62924053973028,3,6.2,0.0,102260.0,102570.0,102070.0,-5.0,11.6,-12.4,2
2578,2021-01-21,2569.0,112.5,153.0,900.0,31.32,4.9,27.5,2021,1,21,3,winter,3.post,baoding,north,-3.0,5.6,-7.1,67.0,3.6375861597263857,0.6931471805599453,2.2,10,1.7749523509116738,11,7.2,0.0,102010.0,102210.0,101770.0,-1.3,15.2,-8.1,3
2579,2021-01-22,2570.0,97.3,105.0,630.0,28.08,3.5,33.75,2021,1,22,4,winter,3.post,baoding,north,-2.4,5.6,-9.7,64.0,3.6375861597263857,0.9555114450274363,4.4,3,1.9740810260220096,3,5.5,0.0,102280.0,102550.0,102000.0,-3.5,12.4,-11.3,4
2580,2021-01-23,2571.0,53.9,169.0,990.0,35.64,4.9,26.25,2021,1,23,4,winter,3.post,baoding,north,-3.4,5.6,-9.3,65.0,3.4965075614664802,0.47000362924573563,2.4,9,1.7047480922384253,9,7.3,0.0,102230.0,102370.0,102020.0,-2.9,16.0,-10.9,5
2581,2021-01-24,2572.0,106.8,197.0,1260.0,35.64,4.2,22.5,2021,1,24,4,winter,3.post,baoding,north,-3.3,4.4,-8.6,67.0,3.828641396489095,0.47000362924573563,2.5,2,1.7749523509116738,2,0.0,0.0,102440.0,102620.0,102210.0,-3.3,10.8,-10.2,6
2582,2021-01-25,2573.0,137.2,131.0,1170.0,22.68,2.8,31.25,2021,1,25,4,winter,3.post,baoding,north,-0.3,2.9,-2.4,83.0,4.127134385045092,0.47000362924573563,2.8,3,1.5260563034950492,3,0.0,1.2809338454620642,102430.0,102700.0,102160.0,-0.7,8.1,-5.8,0
2583,2021-01-26,2574.0,103.0,151.0,900.0,32.4,2.8,27.5,2021,1,26,4,winter,3.post,baoding,north,0.4,10.6,-5.6,74.0,2.833213344056216,1.0986122886681098,4.4,11,2.066862759472976,10,0.0,0.0,102310.0,102580.0,102070.0,1.6,18.2,-6.5,1
2584,2021-01-27,2575.0,85.9,89.0,180.0,10.8,2.8,41.25,2021,1,27,4,winter,3.post,baoding,north,1.1,5.9,-3.5,60.0,3.6109179126442243,1.1314021114911006,4.0,2,2.0014800002101243,3,6.4,0.0,101960.0,102410.0,101450.0,0.8,14.8,-7.3,2
2585,2021-01-28,2576.0,23.28,71.0,270.0,17.28,2.8,27.5,2021,1,28,4,winter,3.post,baoding,north,-0.7,3.0,-4.2,19.0,2.1972245773362196,1.33500106673234,8.7,14,2.617395832834079,15,2.9,0.0,102690.0,103040.0,101800.0,-0.3,16.6,-7.5,3
2586,2021-01-29,2577.0,24.69,149.0,720.0,29.16,4.2,23.75,2021,1,29,5,winter,3.post,baoding,north,-5.5,2.9,-11.9,33.0,2.9444389791664403,0.6418538861723947,3.3,4,1.8082887711792655,2,8.9,0.0,102140.0,102820.0,101750.0,-4.0,15.5,-12.9,4
2587,2021-01-30,2578.0,53.9,113.0,720.0,19.44,2.8,27.5,2021,1,30,5,winter,3.post,baoding,north,-1.5,11.5,-11.4,44.0,2.833213344056216,1.0986122886681098,4.6,4,2.128231705849268,4,9.0,0.0,102030.0,102210.0,101830.0,-1.1,19.2,-12.1,5
2588,2021-01-31,2579.0,51.5,131.0,630.0,20.52,2.8,37.5,2021,1,31,5,winter,3.post,baoding,north,-2.6,3.4,-4.8,71.0,3.828641396489095,1.1314021114911006,5.1,3,2.2925347571405443,3,8.9,0.0,101810.0,102270.0,101360.0,-0.1,16.8,-7.1,6
2589,2021-02-01,2580.0,46.7,71.0,450.0,19.44,2.8,36.25,2021,2,1,5,winter,3.post,baoding,north,-1.3,8.7,-9.5,52.0,2.70805020110221,0.7419373447293773,6.5,5,2.4423470353692043,5,7.8,0.0,102080.0,102750.0,101440.0,-1.2,19.1,-10.1,0
2590,2021-02-02,2581.0,27.04,119.0,630.0,30.24,4.2,25.0,2021,2,2,5,winter,3.post,baoding,north,-4.2,5.6,-12.9,27.0,2.1972245773362196,1.0296194171811581,5.4,11,2.1972245773362196,12,5.8,0.0,102690.0,103050.0,102270.0,-4.1,16.2,-14.5,1
2591,2021-02-03,2582.0,46.7,125.0,720.0,23.76,7.0,31.25,2021,2,3,5,winter,3.post,baoding,north,-3.2,8.6,-10.4,37.0,2.6390573296152584,0.7419373447293773,3.4,2,1.9459101490553132,2,9.4,0.0,102170.0,102540.0,101900.0,-2.5,19.6,-12.0,2
2592,2021-02-04,2583.0,49.5,131.0,900.0,23.76,6.3,47.5,2021,2,4,5,winter,3.post,baoding,north,0.5,11.7,-6.3,30.0,2.4849066497880004,1.252762968495368,5.8,12,2.302585092994046,11,9.0,0.0,102280.0,102740.0,101790.0,-3.6,18.1,-11.9,3
2593,2021-02-05,2584.0,44.7,153.0,360.0,20.52,3.5,48.75,2021,2,5,6,winter,3.post,baoding,north,5.1,17.4,-2.0,30.0,2.4849066497880004,1.1631508098056809,6.6,11,2.3702437414678603,11,8.1,0.0,101200.0,101810.0,100780.0,2.8,24.2,-7.1,4
2594,2021-02-06,2585.0,39.9,107.0,540.0,16.2,3.5,40.0,2021,2,6,6,winter,3.post,baoding,north,8.2,17.9,0.1,26.0,2.3978952727983707,1.1939224684724346,5.6,15,2.2925347571405443,15,7.6,0.0,101150.0,101340.0,100930.0,5.1,27.0,-4.7,5
2595,2021-02-07,2586.0,41.1,95.0,630.0,17.28,4.9,46.25,2021,2,7,6,winter,3.post,baoding,north,0.9,7.4,-2.4,50.0,3.258096538021482,1.0296194171811581,7.1,4,2.4932054526026954,4,9.0,0.0,102770.0,103080.0,101340.0,1.5,20.7,-6.2,6
2596,2021-02-08,2587.0,50.3,127.0,900.0,20.52,14.7,47.5,2021,2,8,6,winter,3.post,baoding,north,-0.7,9.4,-6.3,55.0,3.295836866004329,1.0986122886681098,5.3,12,2.2407096892759584,12,9.0,0.0,103010.0,103250.0,102740.0,-0.2,20.3,-9.0,0
2597,2021-02-09,2588.0,76.4,171.0,1260.0,23.76,6.3,56.25,2021,2,9,6,winter,3.post,baoding,north,0.4,10.0,-6.4,53.0,3.332204510175204,0.6418538861723947,2.7,9,1.6863989535702288,9,7.7,0.0,102270.0,102820.0,101900.0,0.5,19.7,-7.9,1
2598,2021-02-10,2589.0,114.4,235.0,1530.0,21.6,7.0,77.5,2021,2,10,6,winter,3.post,baoding,north,1.7,15.1,-7.3,56.0,2.995732273553991,0.5877866649021191,2.3,10,1.589235205116581,9,8.5,0.0,102010.0,102210.0,101860.0,1.8,23.5,-8.0,2
2599,2021-02-11,2590.0,174.5,249.0,1350.0,17.28,6.3,75.0,2021,2,11,6,winter,3.post,baoding,north,3.6,14.8,-4.8,58.0,3.58351893845611,0.9555114450274363,4.0,12,1.9600947840472698,11,9.0,0.0,101660.0,102050.0,101230.0,2.4,21.6,-5.5,3
2600,2021-02-12,2591.0,187.5,251.0,1530.0,22.68,3.5,32.5,2021,2,12,7,winter,3.post,baoding,north,6.9,14.8,3.5,57.0,3.58351893845611,1.1939224684724346,4.3,3,2.0794415416798357,2,5.3,0.0,101740.0,101920.0,101390.0,5.2,22.3,-2.4,4
2601,2021-02-13,2592.0,193.5,167.0,1170.0,16.2,2.1,26.25,2021,2,13,7,winter,3.post,baoding,north,3.7,7.2,-0.1,82.0,4.1588830833596715,0.9555114450274363,3.6,3,1.840549633397487,3,5.7,0.0,101880.0,102060.0,101680.0,2.6,10.5,-3.0,5
2602,2021-02-14,2593.0,116.3,85.0,450.0,15.12,2.1,46.25,2021,2,14,7,winter,3.post,baoding,north,3.7,6.3,2.0,86.0,4.330733340286331,1.252762968495368,4.8,5,2.186051276738094,4,0.0,0.0,101610.0,101990.0,101400.0,2.2,5.4,-0.4,6
2603,2021-02-15,2594.0,36.7,69.0,270.0,10.8,2.1,47.5,2021,2,15,7,winter,3.post,baoding,north,-0.8,7.8,-6.4,66.0,3.1354942159291497,1.252762968495368,7.0,10,2.4765384001174837,11,0.0,0.0,101950.0,102440.0,101300.0,0.2,17.5,-8.2,0
2604,2021-02-16,2595.0,29.86,65.0,270.0,14.04,2.8,40.0,2021,2,16,7,winter,3.post,baoding,north,0.7,6.2,-4.5,40.0,2.302585092994046,1.33500106673234,7.6,2,2.7013612129514133,2,9.5,0.0,102100.0,102600.0,101340.0,1.2,17.7,-6.9,1
2605,2021-02-17,2596.0,23.75,129.0,810.0,22.68,7.7,40.0,2021,2,17,7,winter,3.post,baoding,north,-3.4,3.0,-7.6,32.0,2.8903717578961645,0.9932517730102834,3.9,5,1.916922612182061,11,9.6,0.0,102970.0,103210.0,102590.0,-0.7,18.3,-9.3,2
2606,2021-02-18,2597.0,52.3,135.0,900.0,22.68,4.2,45.0,2021,2,18,7,winter,3.post,baoding,north,-1.0,10.4,-8.6,45.0,3.1780538303479458,1.0296194171811581,4.4,11,2.163323025660538,11,10.0,0.0,102450.0,102960.0,101890.0,1.2,20.1,-8.2,3
2607,2021-02-19,2598.0,44.7,147.0,450.0,20.52,4.2,38.75,2021,2,19,8,winter,3.post,baoding,north,8.7,23.2,-4.1,35.0,2.0794415416798357,1.5260563034950492,8.0,12,2.5726122302071057,11,9.7,0.0,100900.0,101890.0,100350.0,5.0,25.8,-5.6,4
2608,2021-02-20,2599.0,38.3,199.0,630.0,27.0,4.2,32.5,2021,2,20,8,winter,3.post,baoding,north,11.5,23.1,2.2,25.0,2.302585092994046,1.33500106673234,8.4,12,2.7013612129514133,11,7.7,0.0,100360.0,100740.0,99920.0,6.6,27.7,-2.7,5
2609,2021-02-21,2600.0,54.7,121.0,540.0,15.12,3.5,43.75,2021,2,21,8,winter,3.post,baoding,north,12.4,24.7,4.6,25.0,2.1972245773362196,0.7419373447293773,3.6,12,1.824549292051046,8,8.0,0.0,100210.0,100520.0,99910.0,9.5,30.5,-1.4,6
2610,2021-02-22,2601.0,42.3,67.0,450.0,16.2,2.8,31.25,2021,2,22,8,winter,3.post,baoding,north,7.7,15.4,3.4,43.0,2.9444389791664403,1.2237754316221157,6.5,6,2.4423470353692043,6,6.1,0.0,102150.0,102610.0,100510.0,8.7,26.1,-0.8,0
2611,2021-02-23,2602.0,29.86,71.0,360.0,15.12,2.1,31.25,2021,2,23,8,winter,3.post,baoding,north,2.4,6.1,-0.4,54.0,3.7612001156935624,1.547562508716013,6.3,3,2.4069451083182885,3,9.1,0.0,102730.0,102950.0,102490.0,3.1,17.8,-2.4,1
2612,2021-02-24,2603.0,38.7,117.0,540.0,22.68,2.8,43.75,2021,2,24,8,winter,3.post,baoding,north,1.5,4.8,-1.4,62.0,3.8918202981106265,1.1939224684724346,4.2,4,2.028148247292285,4,1.3,0.0,102440.0,102770.0,102130.0,4.2,18.4,-2.6,2
2613,2021-02-25,2604.0,59.3,119.0,540.0,21.6,2.8,58.75,2021,2,25,8,winter,3.post,baoding,north,2.3,9.2,-3.0,59.0,3.6635616461296463,0.6931471805599453,4.1,2,1.9600947840472698,2,1.7,0.0,102420.0,102590.0,102210.0,4.2,22.4,-3.8,3
2614,2021-02-26,2605.0,74.5,153.0,810.0,29.16,4.2,65.0,2021,2,26,9,spring,3.post,baoding,north,2.8,10.6,-4.3,68.0,3.6888794541139363,0.6418538861723947,3.0,6,1.9600947840472698,8,8.3,0.0,102560.0,102770.0,102340.0,4.9,24.7,-4.5,4
2615,2021-02-27,2606.0,101.1,175.0,540.0,21.6,3.5,35.0,2021,2,27,9,spring,3.post,baoding,north,2.8,12.5,-4.6,63.0,3.5263605246161616,0.6931471805599453,2.9,11,1.8082887711792655,8,8.2,0.0,102270.0,102520.0,101910.0,5.9,25.8,-4.8,5
2616,2021-02-28,2607.0,80.2,42.18,360.0,11.88,2.1,37.5,2021,2,28,9,spring,3.post,baoding,north,5.7,8.5,4.3,82.0,3.828641396489095,1.2809338454620642,5.5,2,2.2082744135228043,3,9.0,2.617395832834079,102110.0,102310.0,101970.0,5.3,8.5,4.1,6
2617,2021-03-01,2608.0,29.86,93.0,630.0,15.12,2.1,27.5,2021,3,1,9,spring,3.post,baoding,north,1.2,4.3,-0.5,84.0,4.174387269895637,1.0647107369924282,6.3,2,2.3608540011180215,2,0.0,2.302585092994046,102800.0,103070.0,102310.0,3.7,14.3,-0.1,0
2618,2021-03-02,2609.0,55.1,171.0,900.0,24.84,3.5,26.25,2021,3,2,9,spring,3.post,baoding,north,3.7,7.4,1.8,80.0,4.174387269895637,0.9932517730102834,3.1,9,1.9600947840472698,8,0.1,0.0,102510.0,102780.0,102240.0,4.7,15.1,1.6,1
2619,2021-03-03,2610.0,110.6,179.0,990.0,33.48,4.9,1.25,2021,3,3,9,spring,3.post,baoding,north,3.7,9.7,-1.4,87.0,4.23410650459726,1.0296194171811581,3.3,3,1.824549292051046,3,0.7,0.0,101780.0,102260.0,101440.0,4.8,16.6,-0.5,2
2620,2021-03-04,2611.0,120.1,189.0,900.0,21.6,2.1,28.75,2021,3,4,9,spring,3.post,baoding,north,4.7,10.1,-1.2,88.0,4.2626798770413155,0.9555114450274363,3.3,3,1.791759469228055,3,1.7,0.0,101510.0,101670.0,101360.0,5.5,17.9,-0.4,3
2621,2021-03-05,2612.0,85.9,65.0,360.0,12.96,3.5,32.5,2021,3,5,10,spring,3.post,baoding,north,4.1,10.5,0.3,82.0,4.143134726391533,1.5260563034950492,9.7,4,2.8622008809294686,5,1.7,0.0,102060.0,102990.0,101380.0,2.3,12.1,-0.5,4
2622,2021-03-06,2613.0,25.63,73.0,360.0,16.2,2.8,41.25,2021,3,6,10,spring,3.post,baoding,north,1.6,4.1,0.6,51.0,3.4657359027997265,0.9932517730102834,3.9,4,2.0014800002101243,4,0.0,0.0,103500.0,103800.0,102990.0,3.0,16.1,-0.6,5
2623,2021-03-07,2614.0,38.3,123.0,540.0,25.92,3.5,47.5,2021,3,7,10,spring,3.post,baoding,north,2.5,7.9,-0.3,55.0,3.6375861597263857,0.7884573603642703,3.2,9,1.9459101490553132,9,1.2,0.0,102920.0,103360.0,102570.0,4.6,18.8,-0.6,6
2624,2021-03-08,2615.0,66.9,195.0,900.0,31.32,4.2,53.75,2021,3,8,10,spring,3.post,baoding,north,3.3,11.2,-3.7,68.0,3.7612001156935624,0.6931471805599453,2.9,10,1.9600947840472698,9,5.9,0.0,102420.0,102730.0,102120.0,4.9,19.6,-2.4,0
2625,2021-03-09,2616.0,125.8,159.0,450.0,25.92,2.8,53.75,2021,3,9,10,spring,3.post,baoding,north,6.4,14.8,-1.0,75.0,3.8501476017100584,0.47000362924573563,2.6,3,1.7047480922384253,7,6.3,0.0,102300.0,102470.0,102170.0,6.5,21.3,-0.5,1
2626,2021-03-10,2617.0,104.9,117.0,540.0,21.6,2.8,57.5,2021,3,10,10,spring,3.post,baoding,north,9.0,16.5,2.2,78.0,3.912023005428146,0.9555114450274363,4.8,11,2.128231705849268,11,6.1,0.0,102310.0,102520.0,102060.0,7.5,21.2,-0.1,2
2627,2021-03-11,2618.0,68.8,133.0,630.0,17.28,2.1,31.25,2021,3,11,10,spring,3.post,baoding,north,11.8,17.7,7.2,70.0,3.828641396489095,0.9932517730102834,4.5,9,2.1041341542702074,9,4.1,0.0,102090.0,102240.0,101900.0,11.7,25.3,4.8,3
2628,2021-03-12,2619.0,97.3,165.0,810.0,22.68,4.2,45.0,2021,3,12,11,spring,3.post,baoding,north,8.3,12.7,1.7,83.0,4.07753744390572,0.8329091229351039,3.1,11,1.7047480922384253,3,4.1,0.0,102280.0,102440.0,102100.0,8.1,15.5,1.0,4
2629,2021-03-13,2620.0,116.3,131.0,540.0,17.28,2.8,38.75,2021,3,13,11,spring,3.post,baoding,north,9.8,14.1,5.6,70.0,4.007333185232471,0.9555114450274363,3.7,3,1.8870696490323797,3,0.0,0.0,102100.0,102390.0,101760.0,10.9,21.5,3.4,5
2630,2021-03-14,2621.0,87.8,548.0,450.0,16.2,2.1,35.0,2021,3,14,11,spring,3.post,baoding,north,11.3,13.9,9.8,74.0,4.0943445622221,0.9162907318741551,4.8,9,2.1972245773362196,9,0.0,0.0,101340.0,101810.0,100930.0,10.4,17.9,7.7,6
2631,2021-03-15,2622.0,108.7,501.0,360.0,21.6,2.8,30.0,2021,3,15,11,spring,3.post,baoding,north,10.9,15.0,9.0,61.0,2.70805020110221,0.8754687373538999,4.7,3,2.1041341542702074,3,0.0,0.0,101240.0,101800.0,100610.0,9.7,16.5,5.3,0
2632,2021-03-16,2623.0,53.9,384.4,360.0,27.0,3.5,26.25,2021,3,16,11,spring,3.post,baoding,north,7.4,13.4,0.7,33.0,2.70805020110221,0.8329091229351039,3.8,4,1.9021075263969205,4,0.0,0.0,102080.0,102420.0,101800.0,7.5,22.4,-0.8,1
2633,2021-03-17,2624.0,61.2,141.0,360.0,18.36,2.8,37.5,2021,3,17,11,spring,3.post,baoding,north,9.6,14.1,4.7,41.0,3.4339872044851463,1.0986122886681098,4.5,3,2.0918640616783932,2,4.7,0.0,102000.0,102080.0,101850.0,9.5,22.5,3.0,2
2634,2021-03-18,2625.0,41.5,125.0,540.0,19.44,2.8,37.5,2021,3,18,11,spring,3.post,baoding,north,7.2,11.3,4.5,54.0,3.258096538021482,1.252762968495368,4.2,2,2.33214389523559,5,0.1,0.1823215567939546,102300.0,102550.0,102070.0,6.8,11.1,4.2,3
2635,2021-03-19,2626.0,55.5,117.0,450.0,10.8,2.1,47.5,2021,3,19,12,spring,3.post,baoding,north,6.1,9.7,3.2,74.0,3.9318256327243257,1.0647107369924282,6.8,14,2.33214389523559,14,0.0,2.1041341542702074,101960.0,102350.0,101690.0,6.4,15.0,2.3,4
2636,2021-03-20,2627.0,38.7,52.17,90.0,9.72,2.1,48.75,2021,3,20,12,spring,3.post,baoding,north,7.6,15.8,1.7,59.0,2.8903717578961645,1.62924053973028,9.8,15,2.747270914255491,15,0.0,1.1939224684724346,101820.0,102130.0,101590.0,8.0,23.8,1.7,5
2637,2021-03-21,2628.0,19.52,127.0,270.0,12.96,2.8,43.75,2021,3,21,12,spring,3.post,baoding,north,7.7,12.9,2.4,29.0,2.8903717578961645,1.6486586255873816,7.5,15,2.747270914255491,15,8.2,0.0,102490.0,102750.0,102140.0,7.0,24.1,-1.4,6
2638,2021-03-22,2629.0,28.92,115.0,450.0,19.44,4.2,58.75,2021,3,22,12,spring,3.post,baoding,north,10.6,19.3,3.0,33.0,2.6390573296152584,1.589235205116581,7.9,12,2.5494451709255714,13,11.4,0.0,102020.0,102400.0,101540.0,10.0,28.9,-1.0,0
2639,2021-03-23,2630.0,35.03,195.0,270.0,22.68,4.2,53.75,2021,3,23,12,spring,3.post,baoding,north,13.5,23.8,2.2,40.0,2.5649493574615367,1.1939224684724346,4.5,11,2.174751721484161,11,10.6,0.0,100960.0,101630.0,100580.0,13.3,34.7,-0.4,1
2640,2021-03-24,2631.0,53.5,149.0,450.0,23.76,4.2,91.25,2021,3,24,12,spring,3.post,baoding,north,13.0,20.6,6.4,56.0,2.995732273553991,1.252762968495368,7.9,3,2.72785282839839,3,10.7,0.0,101390.0,101760.0,100710.0,12.7,29.5,3.0,2
2641,2021-03-25,2632.0,54.3,175.0,540.0,33.48,4.2,28.75,2021,3,25,12,spring,3.post,baoding,north,12.4,20.8,2.6,57.0,3.5553480614894135,0.6931471805599453,4.2,11,2.128231705849268,12,7.1,0.0,101690.0,101950.0,101370.0,13.4,32.7,1.0,3
2642,2021-03-26,2633.0,106.8,175.0,630.0,21.6,2.1,52.5,2021,3,26,13,spring,3.post,baoding,north,13.8,15.3,12.9,79.0,4.0943445622221,0.6418538861723947,2.5,6,1.589235205116581,7,0.0,1.62924053973028,101120.0,101450.0,100890.0,12.8,19.7,10.1,4
2643,2021-03-27,2634.0,116.3,380.9,360.0,16.2,2.1,60.0,2021,3,27,13,spring,3.post,baoding,north,14.1,18.1,10.8,82.0,4.0943445622221,0.5306282510621704,2.7,8,1.667706820558076,8,0.4,0.0,100660.0,101100.0,100220.0,15.1,26.5,9.3,5
2644,2021-03-28,2635.0,68.8,309.0,180.0,18.36,2.8,52.5,2021,3,28,13,spring,3.post,baoding,north,16.8,22.1,9.3,39.0,2.302585092994046,1.4816045409242156,5.9,16,2.3702437414678603,1,7.0,0.0,100270.0,100570.0,99880.0,15.9,30.2,8.0,6
2645,2021-03-29,2636.0,47.1,257.0,450.0,20.52,4.2,65.0,2021,3,29,13,spring,3.post,baoding,north,13.5,19.1,6.7,40.0,2.5649493574615367,0.7419373447293773,6.2,16,2.2407096892759584,16,3.2,0.0,100860.0,101070.0,100570.0,13.2,29.5,5.0,0
2646,2021-03-30,2637.0,49.1,319.0,450.0,29.16,4.9,71.25,2021,3,30,13,spring,3.post,baoding,north,13.3,21.4,4.5,57.0,3.332204510175204,1.0647107369924282,5.0,10,2.2082744135228043,10,9.2,0.0,100910.0,101160.0,100650.0,14.7,31.9,2.7,1
2647,2021-03-31,2638.0,66.9,175.0,540.0,23.76,5.6,48.75,2021,3,31,13,spring,3.post,baoding,north,15.9,23.5,9.5,49.0,3.295836866004329,0.8329091229351039,3.7,3,2.1400661634962708,3,9.2,0.0,101000.0,101230.0,100790.0,17.3,36.4,6.9,2
2648,2021-04-01,2639.0,52.7,75.0,270.0,17.28,2.8,52.5,2021,4,1,13,spring,3.post,baoding,north,15.5,18.8,12.3,40.0,2.995732273553991,1.5260563034950492,5.7,4,2.2925347571405443,4,1.0,0.0,101460.0,101640.0,101040.0,15.1,25.7,9.8,3
2650,2021-04-03,2641.0,36.7,109.0,180.0,29.16,2.1,11.25,2021,4,3,14,spring,3.post,baoding,north,12.7,17.8,9.9,64.0,3.044522437723423,1.1314021114911006,6.5,5,2.4336133554004498,5,5.4,1.0296194171811581,102210.0,102490.0,101840.0,15.9,33.8,9.0,5
2651,2021-04-04,2642.0,51.5,103.0,450.0,22.68,4.2,62.5,2021,4,4,14,spring,3.post,baoding,north,12.1,19.1,5.5,42.0,2.833213344056216,1.0647107369924282,5.5,2,2.2512917986064953,2,11.8,0.0,102430.0,102720.0,102140.0,15.5,39.3,1.8,6
2652,2021-04-05,2643.0,43.5,105.0,270.0,24.84,2.8,71.25,2021,4,5,14,spring,3.post,baoding,north,12.0,18.0,3.5,51.0,3.258096538021482,1.308332819650179,6.7,11,2.451005098112319,11,1.3,0.0,102030.0,102360.0,101770.0,14.7,30.0,1.9,0
2653,2021-04-06,2644.0,42.3,129.0,450.0,21.6,4.2,66.25,2021,4,6,14,spring,3.post,baoding,north,13.7,20.9,3.7,53.0,3.367295829986474,0.5306282510621704,2.8,9,1.791759469228055,4,10.9,0.0,102000.0,102200.0,101830.0,18.8,42.9,2.7,1
2654,2021-04-07,2645.0,53.5,99.0,360.0,20.52,4.9,90.0,2021,4,7,14,spring,3.post,baoding,north,13.5,21.0,5.1,56.0,3.4657359027997265,1.1939224684724346,7.3,5,2.517696472610991,4,10.8,0.0,102060.0,102190.0,101910.0,17.6,38.4,3.5,2
2655,2021-04-08,2646.0,40.7,143.0,540.0,30.24,4.9,50.0,2021,4,8,14,spring,3.post,baoding,north,12.6,20.2,4.9,50.0,3.4965075614664802,0.9555114450274363,3.5,10,1.9315214116032138,9,9.4,0.0,102110.0,102380.0,101730.0,17.9,41.2,3.1,3
2656,2021-04-09,2647.0,53.5,123.0,450.0,22.68,3.5,81.25,2021,4,9,15,spring,3.post,baoding,north,14.4,19.1,9.3,53.0,3.6109179126442243,1.5040773967762742,5.5,3,2.2823823856765264,3,5.8,0.0,102030.0,102230.0,101810.0,17.1,34.8,6.9,4
2658,2021-04-11,2649.0,47.9,119.0,270.0,19.44,2.8,61.25,2021,4,11,15,spring,3.post,baoding,north,15.9,19.8,9.2,53.0,3.5553480614894135,0.8329091229351039,3.6,9,2.0014800002101243,10,1.6,0.0,102000.0,102170.0,101750.0,18.0,37.8,8.4,6
2660,2021-04-13,2651.0,20.46,101.0,360.0,16.2,2.8,32.5,2021,4,13,15,spring,3.post,baoding,north,11.3,16.2,0.8,31.0,2.995732273553991,1.2809338454620642,7.2,16,2.624668592163159,16,9.4,0.0,102100.0,102440.0,101680.0,15.1,36.9,0.0,1
2661,2021-04-14,2652.0,28.92,396.3,270.0,16.2,3.5,51.25,2021,4,14,15,spring,3.post,baoding,north,13.0,22.0,2.6,43.0,2.6390573296152584,1.308332819650179,5.4,11,2.302585092994046,11,9.9,0.0,101530.0,101990.0,101000.0,18.8,44.7,0.6,2
2666,2021-04-19,2657.0,45.1,95.0,180.0,16.2,2.8,110.0,2021,4,19,16,spring,3.post,baoding,north,16.2,26.9,6.3,61.0,3.332204510175204,0.7419373447293773,3.9,10,2.028148247292285,9,9.9,0.0,100970.0,101170.0,100750.0,23.5,49.2,5.7,0
2667,2021-04-20,2658.0,39.1,65.0,270.0,15.12,2.8,66.25,2021,4,20,16,spring,3.post,baoding,north,18.9,25.6,12.1,55.0,3.367295829986474,1.0986122886681098,4.7,8,2.2617630984737906,9,7.7,0.0,101350.0,101580.0,100940.0,23.9,47.1,10.3,1
2668,2021-04-21,2659.0,29.86,63.0,360.0,11.88,2.8,60.0,2021,4,21,16,spring,3.post,baoding,north,15.7,20.2,11.0,70.0,3.7612001156935624,0.8754687373538999,3.9,14,1.916922612182061,16,0.7,0.0,101500.0,101710.0,101250.0,18.8,35.3,11.0,2
2669,2021-04-22,2660.0,35.9,67.0,360.0,16.2,2.8,60.0,2021,4,22,16,spring,3.post,baoding,north,15.0,18.6,12.8,71.0,3.8501476017100584,0.9932517730102834,4.8,4,2.302585092994046,5,5.1,0.7419373447293773,101250.0,101400.0,101090.0,19.4,39.0,12.5,3
2670,2021-04-23,2661.0,34.09,57.0,270.0,12.96,2.8,67.5,2021,4,23,17,spring,3.post,baoding,north,14.6,21.3,7.5,72.0,3.8918202981106265,1.410986973710262,6.8,6,2.4849066497880004,5,10.9,0.0,101670.0,102040.0,101230.0,21.9,46.4,6.5,4
2671,2021-04-24,2662.0,29.39,77.0,360.0,12.96,2.8,66.25,2021,4,24,17,spring,3.post,baoding,north,16.2,20.3,8.6,66.0,3.9318256327243257,1.0647107369924282,3.7,4,1.8870696490323797,3,2.3,0.0,102340.0,102540.0,102040.0,20.0,40.9,7.6,5
2672,2021-04-25,2663.0,48.3,65.0,270.0,12.96,2.8,80.0,2021,4,25,17,spring,3.post,baoding,north,14.5,18.8,11.9,76.0,4.02535169073515,0.9932517730102834,3.6,8,1.824549292051046,8,0.1,0.0,102290.0,102560.0,101980.0,18.9,39.2,12.4,6
2674,2021-04-27,2665.0,43.1,61.0,180.0,12.96,2.8,55.0,2021,4,27,17,spring,3.post,baoding,north,18.0,24.7,6.7,36.0,2.4849066497880004,1.410986973710262,7.9,15,2.624668592163159,14,6.9,0.0,101220.0,101360.0,100910.0,24.7,50.1,6.2,1
2675,2021-04-28,2666.0,22.81,91.0,180.0,14.04,2.8,56.25,2021,4,28,17,spring,3.post,baoding,north,16.4,22.7,5.7,34.0,2.70805020110221,1.252762968495368,7.1,12,2.5416019934645457,12,12.6,0.0,101270.0,101700.0,100670.0,24.4,52.4,3.8,2
