PM25,PM10,CO,NO2,SO2,O3,predicted_PM25,Predicted_PM25_real,PM25_real,predicted_PM10,Predicted_PM10_real,PM10_real,predicted_CO,Predicted_CO_real,CO_real,predicted_NO2,Predicted_NO2_real,NO2_real,predicted_SO2,Predicted_SO2_real,SO2_real,predicted_O3,Predicted_O3_real,O3_real,year_2015,year_2016,year_2017,year_2018,year_2019,year_2020,year_2021,month_10,month_11,month_12,month_2,month_3,month_4,month_5,month_6,month_7,month_8,month_9,weekday_1,weekday_2,weekday_3,weekday_4,weekday_5,weekday_6,season_spring,season_summer,season_winter,avgtemp,avgrh,minrh,avgws,maxws,maxwswd,extremews,extremewswd,daylight,precipitation
5.997695096858618,5.811140992976701,7.208600337960199,3.4065165431397553,2.163323025660538,3.7436043538031827,5.379361,215.88368,401.50000000000006,5.5263314,250.2206,333.0000000000001,7.469841,1753.3278,1350.0000000000002,3.8069997,44.015175,29.16,2.436663,10.434818,7.6999999999999975,2.8536396,16.350817,41.24999999999999,-0.41449507524321805,-0.4186379485411743,-0.3970393332005246,-0.3899606357074357,-0.3835376149224138,2.683026301955741,-0.21945642127910145,-0.30356759489697327,-0.2825555138432935,-0.29612060855578654,-0.3010989741847774,-0.28427564278974277,-0.30109897418477743,-0.29612060855578654,-0.3076527356636323,-0.31331316221103583,-0.3125085968556157,-0.2927700218845599,-0.4075517054266865,-0.4068546077652136,-0.40894436648589017,-0.4068546077652136,2.4329149480630576,-0.4068546077652136,-0.5525789639955376,-0.5943962929568426,1.6643553527289419,-1.3914264456355983,0.3190288949846067,0.09738267552442982,-1.4497267626719523,-1.2925337991636514,0.4913724424067788,-1.5277475154947011,0.756701863280479,-0.3770572586872862,-0.3557274204398976
5.547128664610824,5.7745515455444085,7.591357046698551,3.332204510175204,2.379546134130174,3.7436043538031827,5.193985,179.18517,255.49999999999994,5.3676033,213.34853,321.00000000000006,7.932521,2785.4421,1980.0000000000005,3.639971,37.090733,26.999999999999996,2.3758202,9.759834,9.8,2.8553848,16.381124,41.24999999999999,-0.41449507524321805,-0.4186379485411743,-0.3970393332005246,-0.3899606357074357,-0.3835376149224138,2.683026301955741,-0.21945642127910145,-0.30356759489697327,-0.2825555138432935,-0.29612060855578654,-0.3010989741847774,-0.28427564278974277,-0.30109897418477743,-0.29612060855578654,-0.3076527356636323,-0.31331316221103583,-0.3125085968556157,-0.2927700218845599,-0.4075517054266865,-0.4068546077652136,-0.40894436648589017,-0.4068546077652136,-0.41102957618643454,2.457880483381614,-0.5525789639955376,-0.5943962929568426,1.6643553527289419,-1.4708430115011093,0.6917482356254352,0.6385722989128352,-2.2843039594599497,-1.0902836658130335,-1.3495440319622802,-1.6507496122723893,-1.577160879174387,-1.2319306646985217,-0.3557274204398976
5.585374243605899,5.799092654460526,7.544861068658458,3.2928695047765273,1.9878743481543455,3.855452653939752,5.5278883,250.61201,265.4999999999999,5.5950813,268.09955,328.99999999999994,7.4235992,1674.0516,1890.0000000000002,3.7010787,39.490955,25.920000000000005,2.4370103,10.438791,6.300000000000001,3.2866766,25.753803,46.25,-0.41449507524321805,-0.4186379485411743,-0.3970393332005246,-0.3899606357074357,-0.3835376149224138,2.683026301955741,-0.21945642127910145,-0.30356759489697327,-0.2825555138432935,-0.29612060855578654,-0.3010989741847774,-0.28427564278974277,-0.30109897418477743,-0.29612060855578654,-0.3076527356636323,-0.31331316221103583,-0.3125085968556157,-0.2927700218845599,-0.4075517054266865,-0.4068546077652136,-0.40894436648589017,-0.4068546077652136,-0.41102957618643454,-0.4068546077652136,-0.5525789639955376,-0.5943962929568426,1.6643553527289419,-1.1443526851651191,0.3722745150761536,0.558742827889726,-1.2701777002702244,-0.9891585991377245,0.7214870017029112,-1.0310808463430148,0.756701863280479,-1.2556771481988338,-0.3557274204398976
5.600272098286537,5.375278407684165,7.390798521735676,3.3700506526653187,2.0794415416798357,4.00277736869661,5.502071,244.19919,269.5000000000001,5.295598,198.45688,215.00000000000006,7.392388,1622.5784,1620.0000000000002,3.5860314,35.090565,28.080000000000002,2.3421493,9.403572,6.999999999999998,3.2847173,25.701435,53.75,-0.41449507524321805,-0.4186379485411743,-0.3970393332005246,-0.3899606357074357,-0.3835376149224138,2.683026301955741,-0.21945642127910145,-0.30356759489697327,-0.2825555138432935,-0.29612060855578654,-0.3010989741847774,-0.28427564278974277,-0.30109897418477743,-0.29612060855578654,-0.3076527356636323,-0.31331316221103583,-0.3125085968556157,-0.2927700218845599,2.453676396601136,-0.4068546077652136,-0.40894436648589017,-0.4068546077652136,-0.41102957618643454,-0.4068546077652136,-0.5525789639955376,-0.5943962929568426,1.6643553527289419,-1.1443526851651191,0.42552013516770054,0.599091453402236,-0.6357121623391363,-0.7869084657871062,-0.8893149133700154,-0.9808167438742386,-0.8770020564379272,-1.2556771481988338,-0.3557274204398976
5.2284312390838705,4.969813299576001,7.13966033596492,3.164630810015805,2.0794415416798357,3.855452653939752,5.061263,156.78969,185.50000000000006,5.62392,275.973,143.0,7.4157104,1660.8894,1260.0000000000005,3.5859814,35.088757,22.68,2.5653715,12.005489,6.999999999999998,3.0950196,21.087671,46.25,-0.41449507524321805,-0.4186379485411743,-0.3970393332005246,-0.3899606357074357,-0.3835376149224138,2.683026301955741,-0.21945642127910145,-0.30356759489697327,-0.2825555138432935,-0.29612060855578654,-0.3010989741847774,-0.28427564278974277,-0.30109897418477743,-0.29612060855578654,-0.3076527356636323,-0.31331316221103583,-0.3125085968556157,-0.2927700218845599,-0.4075517054266865,2.457880483381614,-0.40894436648589017,-0.4068546077652136,-0.41102957618643454,-0.4068546077652136,-0.5525789639955376,-0.5943962929568426,1.6643553527289419,-1.2149451881566846,0.5852569954423413,0.09738267552442982,-2.0551890706817586,-1.2419712658259972,1.6419452388874407,-1.2413636052247983,0.5233155890349924,0.26409779582114046,-0.3557274204398976
4.6443908991413725,5.099866427824199,7.444833273892193,3.0689827352935835,1.9878743481543455,4.00277736869661,4.4955454,88.617035,102.99999999999999,5.351388,209.90082,163.00000000000006,7.119899,1235.3253,1709.9999999999998,3.7154543,40.077248,20.519999999999996,2.543639,11.725896,6.300000000000001,3.405716,29.135864,53.75,-0.41449507524321805,-0.4186379485411743,-0.3970393332005246,-0.3899606357074357,-0.3835376149224138,2.683026301955741,-0.21945642127910145,-0.30356759489697327,-0.2825555138432935,-0.29612060855578654,-0.3010989741847774,-0.28427564278974277,-0.30109897418477743,-0.29612060855578654,-0.3076527356636323,-0.31331316221103583,-0.3125085968556157,-0.2927700218845599,-0.4075517054266865,-0.4068546077652136,2.44532039551767,-0.4068546077652136,-0.41102957618643454,-0.4068546077652136,-0.5525789639955376,-0.5943962929568426,1.6643553527289419,-1.312009879770087,0.1592920347099659,-0.44830827065830703,-1.2701777002702244,-0.6352208657741426,0.26125788311064646,-0.6073802332911629,0.2899293147895058,0.7152809823270704,-0.3557274204398976
4.914858338702487,4.6443908991413725,7.065613363597717,3.017493765335504,1.5040773967762742,3.713572066704308,4.7581353,115.528435,135.3,5.64139,280.8542,102.99999999999999,7.764328,2354.0754,1169.9999999999998,3.8152003,44.38585,19.440000000000005,2.5844579,12.256101,3.5,3.0224504,19.541567,40.00000000000001,-0.41449507524321805,-0.4186379485411743,-0.3970393332005246,-0.3899606357074357,-0.3835376149224138,2.683026301955741,-0.21945642127910145,-0.30356759489697327,-0.2825555138432935,-0.29612060855578654,-0.3010989741847774,-0.28427564278974277,-0.30109897418477743,-0.29612060855578654,-0.3076527356636323,-0.31331316221103583,-0.3125085968556157,-0.2927700218845599,-0.4075517054266865,-0.4068546077652136,-0.40894436648589017,2.457880483381614,-0.41102957618643454,-0.4068546077652136,-0.5525789639955376,-0.5943962929568426,1.6643553527289419,-1.312009879770087,0.5320113753507945,0.09738267552442982,-2.0551890706817586,-1.3430963325013061,-0.8893149133700154,-1.5277475154947011,-0.17684323370146737,0.38283021332270095,-0.3557274204398976
3.9982007016691985,4.127134385045092,6.447305862541213,2.1471001901536506,1.33500106673234,3.713572066704308,5.0889482,161.21916,53.50000000000001,5.3264184,204.69992,61.00000000000001,7.0158134,1113.1124,629.9999999999998,3.1508975,22.357018,7.559999999999999,2.3939152,9.9563055,2.8,3.4352725,30.03987,40.00000000000001,-0.41449507524321805,-0.4186379485411743,-0.3970393332005246,-0.3899606357074357,-0.3835376149224138,2.683026301955741,-0.21945642127910145,-0.30356759489697327,-0.2825555138432935,-0.29612060855578654,3.321167077063248,-0.28427564278974277,-0.30109897418477743,-0.29612060855578654,-0.3076527356636323,-0.31331316221103583,-0.3125085968556157,-0.2927700218845599,-0.4075517054266865,-0.4068546077652136,-0.40894436648589017,-0.4068546077652136,2.4329149480630576,-0.4068546077652136,-0.5525789639955376,-0.5943962929568426,1.6643553527289419,-1.1884729995348475,-0.799129126937879,-0.8403851606674106,-0.9378156753013605,-0.5340957990988334,-0.659200354073883,-0.4373245366617298,-0.6436157821924405,0.0028864773177072877,-0.3557274204398976
3.8394523125933104,4.543294782270004,6.803505257608338,2.7107133185216936,1.5040773967762742,3.8010914447208646,5.3288846,205.20784,45.49999999999999,5.572308,262.04053,93.0,7.4245043,1675.5682,899.9999999999998,3.194001,23.3858,14.039999999999997,2.0724456,6.944228,3.5,3.2973454,26.040762,43.75000000000001,-0.41449507524321805,-0.4186379485411743,-0.3970393332005246,-0.3899606357074357,-0.3835376149224138,2.683026301955741,-0.21945642127910145,-0.30356759489697327,-0.2825555138432935,-0.29612060855578654,3.321167077063248,-0.28427564278974277,-0.30109897418477743,-0.29612060855578654,-0.3076527356636323,-0.31331316221103583,-0.3125085968556157,-0.2927700218845599,-0.4075517054266865,-0.4068546077652136,-0.40894436648589017,-0.4068546077652136,-0.41102957618643454,2.457880483381614,-0.5525789639955376,-0.5943962929568426,1.6643553527289419,-1.2502414396524673,1.2242044365409046,-0.37902500830211455,0.017532965981604223,-0.6352208657741426,-0.8893149133700154,-0.6963138053882445,-0.17684323370146737,-0.6382685771907193,-0.3557274204398976
3.9908341858524357,4.060443010546419,6.580639137284949,2.5556757206762075,1.5040773967762742,3.6506582412937387,4.445194,84.216385,53.09999999999999,5.355551,210.78058,56.999999999999986,7.0917835,1201.0498,720.0000000000002,3.0416338,19.939426,11.879999999999999,1.9395609,5.955696,3.5,3.7156646,40.085884,37.50000000000001,-0.41449507524321805,-0.4186379485411743,-0.3970393332005246,-0.3899606357074357,-0.3835376149224138,2.683026301955741,-0.21945642127910145,-0.30356759489697327,-0.2825555138432935,-0.29612060855578654,3.321167077063248,-0.28427564278974277,-0.30109897418477743,-0.29612060855578654,-0.3076527356636323,-0.31331316221103583,-0.3125085968556157,-0.2927700218845599,-0.4075517054266865,-0.4068546077652136,-0.40894436648589017,-0.4068546077652136,-0.41102957618643454,-0.4068546077652136,-0.5525789639955376,-0.5943962929568426,1.6643553527289419,-1.3649542570137612,0.42552013516770054,-0.754984248160467,-0.10323847851336326,0.42659233431660243,0.031143323814514078,0.6222639522599123,0.5233155890349924,0.691534498826758,-0.3557274204398976
3.7013019741124933,3.8632528410587166,6.447305862541213,2.372111155642656,1.5040773967762742,3.6506582412937387,3.671469,38.30961,39.49999999999999,4.9123964,134.96486,46.61999999999999,6.808204,904.2437,629.9999999999998,2.9408827,17.93255,9.72,2.2150755,8.162101,3.5,3.7794077,42.7901,37.50000000000001,-0.41449507524321805,-0.4186379485411743,-0.3970393332005246,-0.3899606357074357,-0.3835376149224138,2.683026301955741,-0.21945642127910145,-0.30356759489697327,-0.2825555138432935,-0.29612060855578654,3.321167077063248,-0.28427564278974277,-0.30109897418477743,-0.29612060855578654,-0.3076527356636323,-0.31331316221103583,-0.3125085968556157,-0.2927700218845599,2.453676396601136,-0.4068546077652136,-0.40894436648589017,-0.4068546077652136,-0.41102957618643454,-0.4068546077652136,-0.5525789639955376,-0.5943962929568426,1.6643553527289419,-1.2767136282743043,-0.5861466465716912,-0.6733802109674146,1.1179198858740527,1.2861554010567295,-0.8893149133700154,1.191800722491721,-0.8770020564379272,0.9052528503295669,-0.3557274204398976
3.571221410645704,3.973494327516247,6.447305862541213,2.1471001901536506,1.33500106673234,3.349904087274605,5.545299,255.03113,34.56000000000001,5.2779207,194.96199,52.17,7.5281596,1858.6798,629.9999999999998,3.4046934,29.105062,7.559999999999999,2.6601734,13.298769,2.8,3.0498478,20.112131,27.5,-0.41449507524321805,-0.4186379485411743,-0.3970393332005246,-0.3899606357074357,-0.3835376149224138,2.683026301955741,-0.21945642127910145,-0.30356759489697327,-0.2825555138432935,-0.29612060855578654,3.321167077063248,-0.28427564278974277,-0.30109897418477743,-0.29612060855578654,-0.3076527356636323,-0.31331316221103583,-0.3125085968556157,-0.2927700218845599,-0.4075517054266865,2.457880483381614,-0.40894436648589017,-0.4068546077652136,-0.41102957618643454,-0.4068546077652136,-0.5525789639955376,-0.5943962929568426,1.6643553527289419,-1.5679077031145119,0.21253765480151282,0.14909844918105325,-0.6357121623391363,-0.8374709991247608,-0.1989712354816183,-0.7880711325159769,-0.41022950794695395,-0.21083187418510146,-0.3557274204398976
3.711130063048756,4.983606621708336,7.13966033596492,2.6361960973342264,1.6486586255873816,3.349904087274605,5.2819524,195.75363,39.89999999999999,4.875017,129.9764,145.0,5.6449857,281.8695,1260.0000000000005,3.0856888,20.882536,12.96,2.14437,7.536662,4.2,3.249416,24.775286,27.5,-0.41449507524321805,-0.4186379485411743,-0.3970393332005246,-0.3899606357074357,-0.3835376149224138,2.683026301955741,-0.21945642127910145,-0.30356759489697327,-0.2825555138432935,-0.29612060855578654,3.321167077063248,-0.28427564278974277,-0.30109897418477743,-0.29612060855578654,-0.3076527356636323,-0.31331316221103583,-0.3125085968556157,-0.2927700218845599,-0.4075517054266865,-0.4068546077652136,2.44532039551767,-0.4068546077652136,-0.41102957618643454,-0.4068546077652136,-0.5525789639955376,-0.5943962929568426,1.6643553527289419,-1.453194885753218,0.3190288949846067,0.8934466560675361,-0.4943781213889877,-0.4835332657611791,-0.42908579477775066,-0.5639190677664265,-0.41022950794695395,-0.9707193461950886,-0.3557274204398976
4.827513417131532,5.318119993844216,7.544861068658458,2.963209081848431,1.8870696490323797,3.58351893845611,5.4533567,232.54079,123.89999999999996,5.7302017,307.0314,202.99999999999994,7.2799416,1449.9032,1890.0000000000002,3.8164105,44.440807,18.360000000000003,2.4733815,10.862493,5.599999999999999,2.8463447,16.224705,35.0,-0.41449507524321805,-0.4186379485411743,-0.3970393332005246,-0.3899606357074357,-0.3835376149224138,2.683026301955741,-0.21945642127910145,-0.30356759489697327,-0.2825555138432935,-0.29612060855578654,3.321167077063248,-0.28427564278974277,-0.30109897418477743,-0.29612060855578654,-0.3076527356636323,-0.31331316221103583,-0.3125085968556157,-0.2927700218845599,-0.4075517054266865,-0.4068546077652136,-0.40894436648589017,2.457880483381614,-0.41102957618643454,-0.4068546077652136,-0.5525789639955376,-0.5943962929568426,1.6643553527289419,-1.2414173767785217,0.47876575525924747,0.7885158938405393,-1.4497267626719523,-1.0902836658130335,0.9516015609990436,-0.9808167438742386,0.9900881375259656,-0.4720431926885346,-0.3557274204398976
5.1328529268205045,5.529429087511423,7.719129840906732,2.963209081848431,1.5040773967762742,3.7727609380946383,5.5303583,251.23427,168.49999999999994,5.2777314,194.9249,251.00000000000003,6.2905664,538.4588,2250.0000000000005,3.3948321,28.809649,18.360000000000003,2.091176,7.094429,3.5,3.259524,25.037144,42.49999999999999,-0.41449507524321805,-0.4186379485411743,-0.3970393332005246,-0.3899606357074357,-0.3835376149224138,2.683026301955741,-0.21945642127910145,-0.30356759489697327,-0.2825555138432935,-0.29612060855578654,3.321167077063248,-0.28427564278974277,-0.30109897418477743,-0.29612060855578654,-0.3076527356636323,-0.31331316221103583,-0.3125085968556157,-0.2927700218845599,-0.4075517054266865,-0.4068546077652136,-0.40894436648589017,-0.4068546077652136,2.4329149480630576,-0.4068546077652136,-0.5525789639955376,-0.5943962929568426,1.6643553527289419,-1.4443708228792724,1.3839412968155453,0.5174874162091828,-0.6357121623391363,-0.9891585991377245,-0.1989712354816183,-0.27672138498827187,0.05654304054401923,-0.6857615441913435,-0.3557274204398976
5.368309738368072,5.365976015021851,7.591357046698551,3.2519236789144013,1.7749523509116738,4.2801323269925415,5.3926187,218.77815,213.49999999999997,4.868161,129.0815,212.99999999999994,6.9376235,1029.3187,1980.0000000000005,3.1419022,22.147858,24.840000000000003,1.8523272,5.3746376,4.9,3.3445525,27.347887,71.25,-0.41449507524321805,-0.4186379485411743,-0.3970393332005246,-0.3899606357074357,-0.3835376149224138,2.683026301955741,-0.21945642127910145,-0.30356759489697327,-0.2825555138432935,-0.29612060855578654,3.321167077063248,-0.28427564278974277,-0.30109897418477743,-0.29612060855578654,-0.3076527356636323,-0.31331316221103583,-0.3125085968556157,-0.2927700218845599,-0.4075517054266865,-0.4068546077652136,-0.40894436648589017,-0.4068546077652136,-0.41102957618643454,2.457880483381614,-0.5525789639955376,-0.5943962929568426,1.6643553527289419,-1.1443526851651191,0.851485095900076,0.38784849419281714,0.017532965981604223,-0.5340957990988334,-0.659200354073883,-0.5211017950913993,-0.6436157821924405,0.4540696638236372,-0.3557274204398976
5.201255653704905,5.375278407684165,7.544861068658458,3.2092294478163956,1.8870696490323797,4.1705337005796475,4.772322,117.19339,180.49999999999991,5.446491,230.9428,215.00000000000006,7.0203743,1118.2054,1890.0000000000002,3.5358105,33.322823,23.760000000000005,2.1303003,7.4173937,5.599999999999999,3.4311154,29.911102,63.750000000000014,-0.41449507524321805,-0.4186379485411743,-0.3970393332005246,-0.3899606357074357,-0.3835376149224138,2.683026301955741,-0.21945642127910145,-0.30356759489697327,-0.2825555138432935,-0.29612060855578654,3.321167077063248,-0.28427564278974277,-0.30109897418477743,-0.29612060855578654,-0.3076527356636323,-0.31331316221103583,-0.3125085968556157,-0.2927700218845599,-0.4075517054266865,-0.4068546077652136,-0.40894436648589017,-0.4068546077652136,-0.41102957618643454,-0.4068546077652136,-0.5525789639955376,-0.5943962929568426,1.6643553527289419,-1.0472879935517165,0.3190288949846067,-1.2283039774155935,-0.7833297410528632,-0.9385960658000699,0.4913724424067788,-1.2964150419735034,0.5233155890349924,0.8102669163283184,-0.3557274204398976
5.22305488204749,5.521460917862246,7.719129840906732,3.2928695047765273,1.8870696490323797,4.2626798770413155,5.0132337,149.39026,184.49999999999994,5.570579,261.58612,248.9999999999999,7.379994,1602.58,2250.0000000000005,3.3303988,26.949486,25.920000000000005,2.021551,6.550025,5.599999999999999,3.5372846,33.373455,70.0,-0.41449507524321805,-0.4186379485411743,-0.3970393332005246,-0.3899606357074357,-0.3835376149224138,2.683026301955741,-0.21945642127910145,-0.30356759489697327,-0.2825555138432935,-0.29612060855578654,3.321167077063248,-0.28427564278974277,-0.30109897418477743,-0.29612060855578654,-0.3076527356636323,-0.31331316221103583,-0.3125085968556157,-0.2927700218845599,2.453676396601136,-0.4068546077652136,-0.40894436648589017,-0.4068546077652136,-0.41102957618643454,-0.4068546077652136,-0.5525789639955376,-0.5943962929568426,1.6643553527289419,-0.8884548618206942,0.21253765480151282,0.2960399362281751,-0.9378156753013605,-0.6857833991117972,-1.3495440319622802,-0.741828337282809,-1.1103883306834137,0.2878442793214525,-0.3557274204398976
5.358941988364472,5.488937726156687,7.75833346749091,3.2092294478163956,1.6486586255873816,3.5115454388310208,5.269068,193.2348,211.50000000000006,5.730391,307.08972,241.00000000000009,7.238035,1390.3575,2339.999999999999,3.4619389,30.878725,23.760000000000005,2.1258466,7.3799896,4.2,3.1981921,23.488218,32.5,-0.41449507524321805,-0.4186379485411743,-0.3970393332005246,-0.3899606357074357,-0.3835376149224138,2.683026301955741,-0.21945642127910145,-0.30356759489697327,-0.2825555138432935,-0.29612060855578654,3.321167077063248,-0.28427564278974277,-0.30109897418477743,-0.29612060855578654,-0.3076527356636323,-0.31331316221103583,-0.3125085968556157,-0.2927700218845599,-0.4075517054266865,2.457880483381614,-0.40894436648589017,-0.4068546077652136,-0.41102957618643454,-0.4068546077652136,-0.5525789639955376,-0.5943962929568426,1.6643553527289419,-1.0296398678038252,1.1177131963578106,0.47528352165563825,-2.2843039594599497,-0.9385960658000699,-1.1194294726661478,-1.2964150419735034,-1.1103883306834137,-0.23457835768541369,-0.3557274204398976
5.339939041238856,4.127134385045092,7.390798521735676,2.265921108622454,1.1314021114911006,3.4339872044851463,4.905627,134.04753,207.5,5.150016,171.43422,61.00000000000001,6.739469,844.1119,1620.0000000000002,3.0334914,19.76962,8.64,1.6469594,4.1911716,2.1,3.9551713,51.20464,30.0,-0.41449507524321805,-0.4186379485411743,-0.3970393332005246,-0.3899606357074357,-0.3835376149224138,2.683026301955741,-0.21945642127910145,-0.30356759489697327,-0.2825555138432935,-0.29612060855578654,3.321167077063248,-0.28427564278974277,-0.30109897418477743,-0.29612060855578654,-0.3076527356636323,-0.31331316221103583,-0.3125085968556157,-0.2927700218845599,-0.4075517054266865,-0.4068546077652136,2.44532039551767,-0.4068546077652136,-0.41102957618643454,-0.4068546077652136,-0.5525789639955376,-0.5943962929568426,1.6643553527289419,-0.8972789246946399,1.9163974977310148,1.5918977583837652,0.3555378958210234,-0.07903299905994292,-1.1194294726661478,0.25671046884563814,-1.1103883306834137,-1.2556771481988338,-0.3557274204398976
5.0466457316192885,3.566994266123812,6.447305862541213,2.012232791986386,1.1314021114911006,3.6506582412937387,3.7378333,41.006874,154.49999999999994,4.1981287,65.56166,34.40999999999999,6.1800113,481.9974,629.9999999999998,2.522674,11.461876,6.4799999999999995,1.5106843,3.5298295,2.1,3.7827039,42.934673,37.50000000000001,-0.41449507524321805,-0.4186379485411743,-0.3970393332005246,-0.3899606357074357,-0.3835376149224138,2.683026301955741,-0.21945642127910145,-0.30356759489697327,-0.2825555138432935,-0.29612060855578654,3.321167077063248,-0.28427564278974277,-0.30109897418477743,-0.29612060855578654,-0.3076527356636323,-0.31331316221103583,-0.3125085968556157,-0.2927700218845599,-0.4075517054266865,-0.4068546077652136,-0.40894436648589017,2.457880483381614,-0.41102957618643454,-0.4068546077652136,-0.5525789639955376,-0.5943962929568426,1.6643553527289419,-0.9061029875685855,1.9163974977310148,2.006183829982148,1.8759323375107861,0.8816551343554935,-0.8893149133700154,0.9974341839771387,-0.8770020564379272,-1.2556771481988338,3.4605195982832035
3.2276373305367736,3.2355362657613083,6.293419278846481,2.265921108622454,1.1314021114911006,3.713572066704308,3.6668565,38.12871,24.220000000000002,4.726638,111.91528,24.420000000000005,6.9125276,1003.7837,539.9999999999998,3.1121976,21.470371,8.64,2.2605224,8.588097,2.1,3.7865672,43.104736,40.00000000000001,-0.41449507524321805,-0.4186379485411743,-0.3970393332005246,-0.3899606357074357,-0.3835376149224138,2.683026301955741,-0.21945642127910145,-0.30356759489697327,-0.2825555138432935,-0.29612060855578654,3.321167077063248,-0.28427564278974277,-0.30109897418477743,-0.29612060855578654,-0.3076527356636323,-0.31331316221103583,-0.3125085968556157,-0.2927700218845599,-0.4075517054266865,-0.4068546077652136,-0.40894436648589017,-0.4068546077652136,2.4329149480630576,-0.4068546077652136,-0.5525789639955376,-0.5943962929568426,1.6643553527289419,-1.1972970624087933,-0.5861466465716912,-0.9299535858832392,0.246647854759796,1.589530601082657,1.872059798183573,1.9518699908612827,1.9236332345079117,0.9052528503295669,-0.3557274204398976
2.998229153752578,3.2782761681496484,6.111467339502679,2.372111155642656,1.33500106673234,3.7727609380946383,3.8094583,44.125984,19.049999999999997,4.842373,125.769806,25.530000000000005,6.6569095,777.14233,450.0000000000001,3.1563768,22.48535,9.72,2.1801198,7.8473654,2.8,3.8961225,48.211258,42.49999999999999,-0.41449507524321805,-0.4186379485411743,-0.3970393332005246,-0.3899606357074357,-0.3835376149224138,2.683026301955741,-0.21945642127910145,-0.30356759489697327,-0.2825555138432935,-0.29612060855578654,3.321167077063248,-0.28427564278974277,-0.30109897418477743,-0.29612060855578654,-0.3076527356636323,-0.31331316221103583,-0.3125085968556157,-0.2927700218845599,-0.4075517054266865,-0.4068546077652136,-0.40894436648589017,-0.4068546077652136,-0.41102957618643454,2.457880483381614,-0.5525789639955376,-0.5943962929568426,1.6643553527289419,-1.2237692510306302,-1.1186028474871605,-0.8403851606674106,0.6622957174880416,0.7299675343425299,1.4118306795913083,1.1444207590188324,1.6902469602624253,0.9527458173301914,-0.3557274204398976
2.89977188240808,4.0943445622221,6.698268054115413,2.905807566026004,1.6486586255873816,3.6506582412937387,3.731081,40.72419,17.17,4.9093866,134.55624,58.999999999999986,7.0651665,1169.4768,810.0000000000002,3.0975816,21.144333,17.28,2.101334,7.1770716,4.2,3.8609405,46.51001,37.50000000000001,-0.41449507524321805,-0.4186379485411743,-0.3970393332005246,-0.3899606357074357,-0.3835376149224138,2.683026301955741,-0.21945642127910145,-0.30356759489697327,-0.2825555138432935,-0.29612060855578654,3.321167077063248,-0.28427564278974277,-0.30109897418477743,-0.29612060855578654,-0.3076527356636323,-0.31331316221103583,-0.3125085968556157,-0.2927700218845599,-0.4075517054266865,-0.4068546077652136,-0.40894436648589017,-0.4068546077652136,-0.41102957618643454,-0.4068546077652136,-0.5525789639955376,-0.5943962929568426,1.6643553527289419,-0.9590473648122598,-1.3848309479448953,-1.7207799350279578,0.3555378958210234,-0.07903299905994292,0.9516015609990436,0.505475818409196,0.5233155890349924,1.166464168833,-0.3557274204398976
3.8044377947482086,4.584967478670572,7.065613363597717,3.2519236789144013,1.8870696490323797,3.58351893845611,3.8284445,44.990944,43.9,4.8002462,120.540344,97.00000000000004,6.415857,610.4645,1169.9999999999998,3.1420822,22.152023,24.840000000000003,2.1725917,7.7810125,5.599999999999999,3.5307727,33.150345,35.0,-0.41449507524321805,-0.4186379485411743,-0.3970393332005246,-0.3899606357074357,-0.3835376149224138,2.683026301955741,-0.21945642127910145,-0.30356759489697327,-0.2825555138432935,-0.29612060855578654,3.321167077063248,-0.28427564278974277,-0.30109897418477743,-0.29612060855578654,-0.3076527356636323,-0.31331316221103583,-0.3125085968556157,-0.2927700218845599,2.453676396601136,-0.4068546077652136,-0.40894436648589017,-0.4068546077652136,-0.41102957618643454,-0.4068546077652136,-0.5525789639955376,-0.5943962929568426,1.6643553527289419,-0.8266864217030745,-0.9588659872125197,-0.754984248160467,-0.7833297410528632,-0.584658332436488,-0.659200354073883,-0.7880711325159769,-0.8770020564379272,1.0477317513314395,-0.3557274204398976
4.189654742026425,4.997212273764115,6.898714534329988,2.963209081848431,1.1314021114911006,3.4339872044851463,3.9351285,50.168724,64.99999999999997,4.9416537,139.00159,146.99999999999994,6.4662256,642.052,990.0000000000002,2.8181996,15.746674,18.360000000000003,1.9288101,5.8813176,2.1,3.665789,38.08696,30.0,-0.41449507524321805,-0.4186379485411743,-0.3970393332005246,-0.3899606357074357,-0.3835376149224138,2.683026301955741,-0.21945642127910145,-0.30356759489697327,-0.2825555138432935,-0.29612060855578654,3.321167077063248,-0.28427564278974277,-0.30109897418477743,-0.29612060855578654,-0.3076527356636323,-0.31331316221103583,-0.3125085968556157,-0.2927700218845599,-0.4075517054266865,2.457880483381614,-0.40894436648589017,-0.4068546077652136,-0.41102957618643454,-0.4068546077652136,-0.5525789639955376,-0.5943962929568426,1.6643553527289419,-0.7913901702072916,-0.2666729260224096,0.47528352165563825,1.2839969268895317,0.7805300676801843,-1.1194294726661478,0.7890475137603533,-1.1103883306834137,0.8340133998286309,-0.3557274204398976
4.812184355372417,5.123963979403259,6.898714534329988,2.905807566026004,1.33500106673234,3.713572066704308,5.12336,166.89859,121.99999999999994,5.074442,158.88293,166.99999999999997,6.9845862,1078.8595,990.0000000000002,2.7681503,14.929143,17.28,1.8279965,5.2214093,2.8,3.6378615,37.010464,40.00000000000001,-0.41449507524321805,-0.4186379485411743,-0.3970393332005246,-0.3899606357074357,-0.3835376149224138,2.683026301955741,-0.21945642127910145,-0.30356759489697327,-0.2825555138432935,-0.29612060855578654,3.321167077063248,-0.28427564278974277,-0.30109897418477743,-0.29612060855578654,-0.3076527356636323,-0.31331316221103583,-0.3125085968556157,-0.2927700218845599,-0.4075517054266865,-0.4068546077652136,2.44532039551767,-0.4068546077652136,-0.41102957618643454,-0.4068546077652136,-0.5525789639955376,-0.5943962929568426,1.6643553527289419,-1.0472879935517165,1.596923777181733,1.343439660288719,0.46097051989397775,-0.07903299905994292,-1.3495440319622802,0.0549928268625731,-1.3437746049289003,-1.2556771481988338,-0.3557274204398976
4.6443908991413725,3.566994266123812,5.602118820879701,2.468099531471619,1.33500106673234,3.828641396489095,4.971439,143.23427,102.99999999999999,5.0122437,149.24146,34.40999999999999,6.569626,712.10297,270.00000000000006,3.274985,25.442831,10.8,2.0571935,6.8239813,2.8,3.7354963,40.908817,45.0,-0.41449507524321805,-0.4186379485411743,-0.3970393332005246,-0.3899606357074357,-0.3835376149224138,2.683026301955741,-0.21945642127910145,-0.30356759489697327,-0.2825555138432935,-0.29612060855578654,3.321167077063248,-0.28427564278974277,-0.30109897418477743,-0.29612060855578654,-0.3076527356636323,-0.31331316221103583,-0.3125085968556157,-0.2927700218845599,-0.4075517054266865,-0.4068546077652136,-0.40894436648589017,2.457880483381614,-0.41102957618643454,-0.4068546077652136,-0.5525789639955376,-0.5943962929568426,1.6643553527289419,-0.7737420444594003,-0.16018168583931572,-1.2283039774155935,1.03165922517133,1.994030867783893,1.4118306795913083,1.4821719128292816,1.4568606860169386,-0.044606489682916944,-0.3557274204398976
2.998229153752578,4.624972813284271,6.293419278846481,3.2519236789144013,1.8870696490323797,3.855452653939752,3.2605734,25.064478,19.049999999999997,4.8686166,129.14075,100.99999999999996,6.5486403,697.294,539.9999999999998,3.1955724,23.424149,24.840000000000003,2.3940046,9.957286,5.599999999999999,3.811983,44.240067,46.25,-0.41449507524321805,-0.4186379485411743,-0.3970393332005246,-0.3899606357074357,-0.3835376149224138,2.683026301955741,-0.21945642127910145,-0.30356759489697327,-0.2825555138432935,-0.29612060855578654,3.321167077063248,-0.28427564278974277,-0.30109897418477743,-0.29612060855578654,-0.3076527356636323,-0.31331316221103583,-0.3125085968556157,-0.2927700218845599,-0.4075517054266865,-0.4068546077652136,-0.40894436648589017,-0.4068546077652136,2.4329149480630576,-0.4068546077652136,-0.5525789639955376,-0.5943962929568426,1.6643553527289419,-0.7296217300896719,-2.0237783890434584,-1.5847333675538935,0.9430980110567057,1.2861554010567295,1.4118306795913083,1.0962510932269494,0.9900881375259656,1.2139571358336243,-0.3557274204398976
4.012772908528289,4.852030263919617,6.111467339502679,3.164630810015805,2.0794415416798357,3.4339872044851463,3.9033518,48.568314,54.3,4.875995,130.10455,126.99999999999997,6.84897,941.9092,450.0000000000001,3.0757768,20.666706,22.68,2.1637833,7.7040052,6.999999999999998,3.6525078,37.571274,30.0,-0.41449507524321805,-0.4186379485411743,-0.3970393332005246,-0.3899606357074357,-0.3835376149224138,2.683026301955741,-0.21945642127910145,-0.30356759489697327,-0.2825555138432935,-0.29612060855578654,3.321167077063248,-0.28427564278974277,-0.30109897418477743,-0.29612060855578654,-0.3076527356636323,-0.31331316221103583,-0.3125085968556157,-0.2927700218845599,-0.4075517054266865,-0.4068546077652136,-0.40894436648589017,-0.4068546077652136,-0.41102957618643454,2.457880483381614,-0.5525789639955376,-0.5943962929568426,1.6643553527289419,-0.7384457929636177,-1.0653572273956136,-0.754984248160467,0.246647854759796,-0.3318456657482156,-1.1194294726661478,-0.3963293380476589,-1.1103883306834137,0.9289993338298789,-0.3557274204398976
4.396915247167632,4.5217885770490405,4.51085950651685,2.7107133185216936,1.6486586255873816,3.6826098411003407,3.9360807,50.217472,80.19999999999999,4.7630315,116.10038,91.00000000000001,5.8601255,349.7682,89.99999999999997,2.6764343,13.533179,14.039999999999997,1.6525462,4.2202544,4.2,3.595624,35.43843,38.74999999999999,-0.41449507524321805,-0.4186379485411743,-0.3970393332005246,-0.3899606357074357,-0.3835376149224138,2.683026301955741,-0.21945642127910145,-0.30356759489697327,-0.2825555138432935,-0.29612060855578654,3.321167077063248,-0.28427564278974277,-0.30109897418477743,-0.29612060855578654,-0.3076527356636323,-0.31331316221103583,-0.3125085968556157,-0.2927700218845599,-0.4075517054266865,-0.4068546077652136,-0.40894436648589017,-0.4068546077652136,-0.41102957618643454,-0.4068546077652136,-0.5525789639955376,-0.5943962929568426,1.6643553527289419,-0.5354923468628668,-0.6926378867547851,0.38784849419281714,1.8759323375107861,0.7299675343425299,-1.1194294726661478,0.8159324801337478,-1.1103883306834137,-1.1844376976978974,-0.3557274204398976
4.019980146933238,3.9941558349666684,5.198497031265826,2.8449093838194073,1.7749523509116738,3.6176519448255684,4.499735,88.99327,54.7,4.890588,132.03175,53.28,6.515514,674.541,180.00000000000006,2.9323184,17.7711,16.2,1.9563221,6.073264,4.9,3.3918142,28.719822,36.24999999999999,-0.41449507524321805,-0.4186379485411743,-0.3970393332005246,-0.3899606357074357,-0.3835376149224138,2.683026301955741,-0.21945642127910145,-0.30356759489697327,-0.2825555138432935,-0.29612060855578654,3.321167077063248,-0.28427564278974277,-0.30109897418477743,-0.29612060855578654,-0.3076527356636323,-0.31331316221103583,-0.3125085968556157,-0.2927700218845599,2.453676396601136,-0.4068546077652136,-0.40894436648589017,-0.4068546077652136,-0.41102957618643454,-0.4068546077652136,-0.5525789639955376,-0.5943962929568426,1.6643553527289419,-0.6237329756023237,-0.21342730593086265,0.2960399362281751,0.8521101627696015,-0.4329707324235245,-0.8893149133700154,-0.3963293380476589,-0.8770020564379272,-0.6382685771907193,-0.3557274204398976
4.396915247167632,4.454347296253507,4.51085950651685,2.7107133185216936,1.1314021114911006,3.4339872044851463,4.884318,131.20026,80.19999999999999,4.9789066,144.31541,84.99999999999997,7.068183,1173.0128,89.99999999999997,3.1502268,22.341358,14.039999999999997,2.112562,7.2693996,2.1,3.602909,35.704857,30.0,-0.41449507524321805,-0.4186379485411743,-0.3970393332005246,-0.3899606357074357,-0.3835376149224138,2.683026301955741,-0.21945642127910145,-0.30356759489697327,-0.2825555138432935,-0.29612060855578654,3.321167077063248,-0.28427564278974277,-0.30109897418477743,-0.29612060855578654,-0.3076527356636323,-0.31331316221103583,-0.3125085968556157,-0.2927700218845599,-0.4075517054266865,-0.4068546077652136,-0.40894436648589017,2.457880483381614,-0.41102957618643454,-0.4068546077652136,1.8096961070853859,-0.5943962929568426,-0.6008332285292086,-0.9237511133164769,0.9047307159916229,0.8934466560675361,0.1340659303641589,-0.584658332436488,0.7214870017029112,-0.6073802332911629,0.5233155890349924,-0.7332545111919676,-0.3557274204398976
4.324132656254979,3.9523968995664194,5.8888779583328805,2.780060737078482,1.1314021114911006,3.8010914447208646,5.192883,178.98671,74.49999999999999,5.089026,161.23177,51.06,6.9901285,1084.861,359.99999999999983,3.4336698,29.990162,15.119999999999997,1.5521041,3.721394,2.1,3.8198204,44.59602,43.75000000000001,-0.41449507524321805,-0.4186379485411743,-0.3970393332005246,-0.3899606357074357,-0.3835376149224138,2.683026301955741,-0.21945642127910145,-0.30356759489697327,-0.2825555138432935,-0.29612060855578654,3.321167077063248,-0.28427564278974277,-0.30109897418477743,-0.29612060855578654,-0.3076527356636323,-0.31331316221103583,-0.3125085968556157,-0.2927700218845599,-0.4075517054266865,-0.4068546077652136,-0.40894436648589017,-0.4068546077652136,2.4329149480630576,-0.4068546077652136,1.8096961070853859,-0.5943962929568426,-0.6008332285292086,-0.8178623588291287,1.8631518776394678,1.7899590805788343,-0.4943781213889877,-0.5340957990988334,-1.3495440319622802,-0.6073802332911629,-1.3437746049289003,-1.2556771481988338,-0.3557274204398976
3.6506582412937387,4.0943445622221,6.293419278846481,3.164630810015805,1.5040773967762742,3.6506582412937387,4.1294103,61.141266,37.50000000000001,4.878021,130.37039,58.999999999999986,5.776531,321.6381,539.9999999999998,3.3084319,26.342215,22.68,2.0279117,6.598202,3.5,4.074582,57.825893,37.50000000000001,-0.41449507524321805,-0.4186379485411743,-0.3970393332005246,-0.3899606357074357,-0.3835376149224138,2.683026301955741,-0.21945642127910145,-0.30356759489697327,-0.2825555138432935,-0.29612060855578654,-0.3010989741847774,3.517712563012739,-0.30109897418477743,-0.29612060855578654,-0.3076527356636323,-0.31331316221103583,-0.3125085968556157,-0.2927700218845599,-0.4075517054266865,-0.4068546077652136,-0.40894436648589017,-0.4068546077652136,-0.41102957618643454,2.457880483381614,1.8096961070853859,-0.5943962929568426,-0.6008332285292086,-0.5884367241065409,-0.21342730593086265,-1.8677214220750795,0.1340659303641589,0.42659233431660243,1.872059798183573,0.8425696552741728,-1.3437746049289003,0.7865204328280064,-0.3557274204398976
3.6913763343125234,4.014399072045013,5.8888779583328805,2.5556757206762075,1.1314021114911006,3.548179572010801,4.4429765,84.02765,39.099999999999994,5.0503697,155.08017,54.39000000000001,6.281817,533.7594,359.99999999999983,3.0317707,19.733913,11.879999999999999,1.9799049,6.242054,2.1,3.816058,44.424786,33.75,-0.41449507524321805,-0.4186379485411743,-0.3970393332005246,-0.3899606357074357,-0.3835376149224138,2.683026301955741,-0.21945642127910145,-0.30356759489697327,-0.2825555138432935,-0.29612060855578654,-0.3010989741847774,3.517712563012739,-0.30109897418477743,-0.29612060855578654,-0.3076527356636323,-0.31331316221103583,-0.3125085968556157,-0.2927700218845599,-0.4075517054266865,-0.4068546077652136,-0.40894436648589017,-0.4068546077652136,-0.41102957618643454,-0.4068546077652136,1.8096961070853859,-0.5943962929568426,-0.6008332285292086,-0.756093918711509,-0.8523747470294258,-0.37902500830211455,1.1179198858740527,0.8310926010178391,0.26125788311064646,0.9210390829301035,0.2899293147895058,-0.4957896761888467,-0.3557274204398976
4.464758032271346,5.099866427824199,6.447305862541213,3.0689827352935835,1.1314021114911006,3.2088254890146994,3.6830573,38.76779,85.89999999999999,4.6213894,100.63515,163.00000000000006,6.1055813,447.35318,629.9999999999998,3.1771002,22.977123,20.519999999999996,1.414051,3.1125822,2.1,3.794256,43.445156,23.750000000000004,-0.41449507524321805,-0.4186379485411743,-0.3970393332005246,-0.3899606357074357,-0.3835376149224138,2.683026301955741,-0.21945642127910145,-0.30356759489697327,-0.2825555138432935,-0.29612060855578654,-0.3010989741847774,3.517712563012739,-0.30109897418477743,-0.29612060855578654,-0.3076527356636323,-0.31331316221103583,-0.3125085968556157,-0.2927700218845599,-0.4075517054266865,-0.4068546077652136,-0.40894436648589017,-0.4068546077652136,2.4329149480630576,-0.4068546077652136,1.8096961070853859,-0.5943962929568426,-0.6008332285292086,-0.6590292270981064,0.5320113753507945,-0.31226170318424284,-1.4497267626719523,0.5782799343295664,1.872059798183573,0.3837688652982475,1.9236332345079117,1.0477317513314395,0.7685153705312958
2.8466520505398383,3.790758917935107,5.198497031265826,2.8449093838194073,1.5040773967762742,3.855452653939752,3.1223621,21.699936,16.23,4.366316,77.75296,43.29,6.5103893,671.088,180.00000000000006,3.2198079,24.023312,16.2,1.9861438,6.2873783,3.5,4.033831,55.476868,46.25,-0.41449507524321805,-0.4186379485411743,-0.3970393332005246,-0.3899606357074357,-0.3835376149224138,2.683026301955741,-0.21945642127910145,-0.30356759489697327,-0.2825555138432935,-0.29612060855578654,-0.3010989741847774,3.517712563012739,-0.30109897418477743,-0.29612060855578654,-0.3076527356636323,-0.31331316221103583,-0.3125085968556157,-0.2927700218845599,-0.4075517054266865,-0.4068546077652136,-0.40894436648589017,2.457880483381614,-0.41102957618643454,-0.4068546077652136,1.8096961070853859,-0.5943962929568426,-0.6008332285292086,-0.5443164097368125,-1.2783397077618013,-1.458077043366407,-1.0998404293987936,-0.3824081990858699,1.181716120295176,0.2890025706483709,1.6902469602624253,1.4039290038361207,-0.3557274204398976
3.0661907372025525,4.430816798843313,5.602118820879701,3.3700506526653187,1.8870696490323797,3.5115454388310208,3.0152614,19.394423,20.46,4.101455,59.428158,82.99999999999999,5.8331738,340.4406,270.00000000000006,3.04154,19.93746,28.080000000000002,2.2668712,8.649163,5.599999999999999,4.1676307,63.5623,32.5,-0.41449507524321805,-0.4186379485411743,-0.3970393332005246,-0.3899606357074357,-0.3835376149224138,2.683026301955741,-0.21945642127910145,-0.30356759489697327,-0.2825555138432935,-0.29612060855578654,-0.3010989741847774,3.517712563012739,-0.30109897418477743,-0.29612060855578654,-0.3076527356636323,-0.31331316221103583,-0.3125085968556157,-0.2927700218845599,-0.4075517054266865,-0.4068546077652136,-0.40894436648589017,-0.4068546077652136,2.4329149480630576,-0.4068546077652136,1.8096961070853859,-0.5943962929568426,-0.6008332285292086,-0.46489984387130134,-1.7043046684941767,-1.5847333675538935,-0.10323847851336326,0.17377966762832978,0.9516015609990436,0.4146794598834887,-0.6436157821924405,1.4276754873364332,-0.3557274204398976
3.571221410645704,4.0943445622221,5.8888779583328805,2.780060737078482,1.1314021114911006,4.43970574626056,3.629621,36.69853,34.56000000000001,4.0744996,57.82104,58.999999999999986,6.1254296,456.34116,359.99999999999983,2.7041876,13.942173,15.119999999999997,1.252665,2.4996574,2.1,4.455367,85.087746,83.75000000000003,-0.41449507524321805,-0.4186379485411743,-0.3970393332005246,-0.3899606357074357,-0.3835376149224138,2.683026301955741,-0.21945642127910145,-0.30356759489697327,-0.2825555138432935,-0.29612060855578654,-0.3010989741847774,-0.28427564278974277,3.321167077063249,-0.29612060855578654,-0.3076527356636323,-0.31331316221103583,-0.3125085968556157,-0.2927700218845599,-0.4075517054266865,-0.4068546077652136,2.44532039551767,-0.4068546077652136,-0.41102957618643454,-0.4068546077652136,1.8096961070853859,-0.5943962929568426,-0.6008332285292086,0.28514550041408177,-0.31991854611395654,-0.9299535858832392,1.5931361389183851,1.7917807344332755,1.872059798183573,1.8601126637335503,1.6902469602624253,1.4039290038361207,3.674281739219903
3.3826939100975957,4.330733340286331,5.602118820879701,3.332204510175204,1.5040773967762742,4.43970574626056,3.635511,36.921223,28.45,4.924748,136.65465,75.0,6.3539715,573.7709,270.00000000000006,3.1797223,23.040077,26.999999999999996,1.9177738,5.805791,3.5,4.20794,66.21793,83.75000000000003,-0.41449507524321805,-0.4186379485411743,-0.3970393332005246,-0.3899606357074357,-0.3835376149224138,2.683026301955741,-0.21945642127910145,-0.30356759489697327,-0.2825555138432935,-0.29612060855578654,-0.3010989741847774,-0.28427564278974277,3.321167077063249,-0.29612060855578654,-0.3076527356636323,-0.31331316221103583,-0.3125085968556157,-0.2927700218845599,-0.4075517054266865,-0.4068546077652136,-0.40894436648589017,2.457880483381614,-0.41102957618643454,-0.4068546077652136,1.8096961070853859,-0.5943962929568426,-0.6008332285292086,0.18808080880067943,-0.8523747470294258,-0.37902500830211455,-0.7833297410528632,1.2355928677190753,1.4118306795913083,1.3517687542760244,1.4568606860169386,1.142717685332688,-0.3557274204398976
3.8044377947482086,4.276666119016055,5.602118820879701,2.372111155642656,1.5040773967762742,4.6515765588022475,3.9434364,50.5956,43.9,4.923112,136.42961,71.0,6.230094,506.8032,270.00000000000006,3.5687764,34.47316,9.72,2.0780194,6.988631,3.5,4.53814,92.51668,103.75000000000004,-0.41449507524321805,-0.4186379485411743,-0.3970393332005246,-0.3899606357074357,-0.3835376149224138,2.683026301955741,-0.21945642127910145,-0.30356759489697327,-0.2825555138432935,-0.29612060855578654,-0.3010989741847774,-0.28427564278974277,3.321167077063249,-0.29612060855578654,-0.3076527356636323,-0.31331316221103583,-0.3125085968556157,-0.2927700218845599,-0.4075517054266865,-0.4068546077652136,-0.40894436648589017,-0.4068546077652136,2.4329149480630576,-0.4068546077652136,1.8096961070853859,-0.5943962929568426,-0.6008332285292086,0.20572893454857072,-0.5861466465716912,-0.1856053789967562,-0.7833297410528632,-1.0397211324753788,-0.659200354073883,-1.1343101427765396,-0.41022950794695395,-0.5432826431894708,-0.3557274204398976
